{
    "CompleterNpc": "M15",
    "NextQuestId": -1,
    "RandomReward": 0b,
    "QuestRepeat": 2,
    "QuestCompletion": 0,
    "Title": "M15",
    "Text": "Derrota a los Ninjas del sonido y trae a Sasuke de nuevo a la aldea

Cords: 

 x:2029 y:63 z:905 Jirobo (1)
 
 x:2341 y:77 z:943 Sakon y Ukon (1)
 
 x:2425 y:63 z:887 Kidomaru (1)",
    "QuestFactionPoints": {
        "DecreaseFaction1Points": 0b,
        "OptionFaction2Points": 100,
        "OptionFactions1": -1,
        "OptionFactions2": -1,
        "OptionFaction1Points": 100,
        "DecreaseFaction2Points": 0b
    },
    "RewardExp": 0,
    "QuestCommand": "",
    "QuestDialogs": [
        {
            "Value": 1,
            "Slot": "Jirobo (1)"
        },
        {
            "Value": 1,
            "Slot": "Kidomaru (1)"
        },
        {
            "Value": 1,
            "Slot": "Sakon y Ukon (1)"
        }
    ],
    "ModRev": 18,
    "Type": 2,
    "QuestMail": {
        "Sender": "",
        "BeenRead": 0b,
        "Message": {
        },
        "MailItems": [
        ],
        "MailQuest": -1,
        "TimePast": 1726632204745L,
        "Time": 0L,
        "Subject": ""
    },
    "Rewards": {
        "NpcMiscInv": [
            {
                "Slot": 5b,
                "id": "naruto_shippuden:level_250",
                "Count": 4b
            },
            {
                "Slot": 7b,
                "id": "naruto_shippuden:gold_ryo",
                "Count": 12b
            }
        ]
    },
    "CompleteText": ""
}
