{
    "CompleterNpc": "M8",
    "NextQuestId": -1,
    "RandomReward": 0b,
    "QuestRepeat": 3,
    "QuestCompletion": 0,
    "Title": "M8",
    "Text": "Derrota a gaara 

Cords: x:672 y:72 z:-730",
    "QuestFactionPoints": {
        "DecreaseFaction1Points": 0b,
        "OptionFaction2Points": 100,
        "OptionFactions1": -1,
        "OptionFactions2": -1,
        "OptionFaction1Points": 100,
        "DecreaseFaction2Points": 0b
    },
    "RewardExp": 0,
    "QuestCommand": "",
    "QuestDialogs": [
        {
            "Value": 1,
            "Slot": "Gaara (1)"
        }
    ],
    "ModRev": 18,
    "Type": 2,
    "QuestMail": {
        "Sender": "",
        "BeenRead": 0b,
        "Message": {
        },
        "MailItems": [
        ],
        "MailQuest": -1,
        "TimePast": 1726629913078L,
        "Time": 0L,
        "Subject": ""
    },
    "Rewards": {
        "NpcMiscInv": [
            {
                "Slot": 5b,
                "id": "naruto_shippuden:level_250",
                "Count": 1b
            },
            {
                "Slot": 7b,
                "id": "naruto_shippuden:gold_ryo",
                "Count": 11b
            },
            {
                "Slot": 8b,
                "id": "naruto_shippuden:level_250",
                "Count": 1b
            }
        ]
    },
    "CompleteText": ""
}
