{"stats":{"minecraft:crafted":{"minecraft:cooked_beef":22,"minecraft:oak_planks":4,"sophisticatedbackpacks:backpack":2,"iceandfire:silver_ingot":5,"minecraft:cooked_porkchop":17,"minecraft:crafting_table":3,"minecraft:spruce_planks":28,"minecraft:cooked_chicken":1,"minecraft:wooden_pickaxe":2,"minecraft:furnace":4,"iceandfire:armor_copper_metal_leggings":1,"minecraft:copper_ingot":32,"minecraft:stone_axe":1,"minecraft:air":0,"iceandfire:armor_copper_metal_helmet":1,"minecraft:shield":1,"minecraft:stick":16,"minecraft:iron_ingot":4,"minecraft:iron_pickaxe":1,"minecraft:stone_pickaxe":2,"minecraft:stone_sword":2,"minecraft:chest":2,"jet_and_elias_armors:japanese_footsoldier_chestplate":1,"minecraft:acacia_planks":36,"iceandfire:silver_sword":1},"minecraft:picked_up":{"minecraft:crafting_table":7,"minecraft:feather":4,"minecraft:chicken":4,"minecraft:water_bucket":1,"minecraft:glow_ink_sac":4,"minecraft:salmon":3,"minecraft:leather":23,"minecraft:wooden_pickaxe":1,"minecraft:tuff":11,"minecraft:oak_log":1,"minecraft:shield":4,"minecraft:dirt":10,"minecraft:string":37,"minecraft:raw_copper":81,"minecraft:leather_boots":2,"minecraft:iron_shovel":1,"minecraft:bone":12,"minecraft:acacia_planks":10,"minecraft:wheat_seeds":2,"minecraft:cobbled_deepslate":108,"minecraft:beef":10,"minecraft:stone_pickaxe":6,"minecraft:iron_pickaxe":4,"minecraft:furnace":7,"minecraft:egg":4,"minecraft:stick":2,"minecraft:raw_iron":2,"apotheosis:gem":8,"minecraft:copper_ingot":5,"minecraft:acacia_log":25,"iceandfire:silver_ore":5,"minecraft:porkchop":14,"minecraft:spruce_log":7,"minecraft:redstone":18,"minecraft:stone_sword":2,"minecraft:arrow":9,"minecraft:diamond":2,"minecraft:stone_axe":2,"minecraft:golden_apple":1,"minecraft:coal":23,"minecraft:mutton":5,"minecraft:white_wool":3,"minecraft:cobblestone":443},"minecraft:mined":{"minecraft:deepslate_redstone_ore":2,"minecraft:tuff":2,"minecraft:acacia_leaves":1,"iceandfire:silver_ore":5,"minecraft:deepslate_diamond_ore":1,"minecraft:crafting_table":5,"biomesoplenty:bush":4,"minecraft:acacia_log":25,"minecraft:grass_block":1,"minecraft:copper_ore":15,"minecraft:cobblestone":9,"minecraft:furnace":5,"minecraft:spruce_log":7,"minecraft:grass":26,"minecraft:coal_ore":20,"minecraft:oak_log":1,"minecraft:deepslate_iron_ore":2,"biomesoplenty:webbing":2,"minecraft:dirt":7,"biomesoplenty:spider_egg":1,"minecraft:stone":341,"minecraft:deepslate":45},"minecraft:killed_by":{"minecraft:vindicator":1,"minecraft:spider":1,"minecraft:zombie":2},"minecraft:broken":{"minecraft:stone_pickaxe":1},"minecraft:custom":{"minecraft:interact_with_furnace":47,"minecraft:mob_kills":34,"minecraft:interact_with_crafting_table":17,"minecraft:damage_dealt_resisted":21,"minecraft:leave_game":2,"minecraft:time_since_death":27706,"minecraft:damage_resisted":0,"minecraft:time_since_rest":27732,"minecraft:sprint_one_cm":147801,"minecraft:damage_taken":2369,"minecraft:walk_one_cm":123897,"minecraft:damage_blocked_by_shield":1015,"minecraft:drop":18,"minecraft:damage_dealt":4555,"minecraft:damage_dealt_absorbed":31,"minecraft:talked_to_villager":2,"minecraft:swim_one_cm":6716,"minecraft:player_kills":1,"minecraft:fly_one_cm":184869,"minecraft:open_chest":2,"minecraft:crouch_one_cm":4254,"minecraft:play_time":62266,"minecraft:deaths":7,"minecraft:sneak_time":1802,"minecraft:walk_under_water_one_cm":10356,"minecraft:jump":951,"minecraft:walk_on_water_one_cm":13642,"minecraft:total_world_time":62266,"minecraft:fall_one_cm":27650},"minecraft:dropped":{"minecraft:stone_axe":2,"minecraft:wheat_seeds":1,"minecraft:cooked_beef":17,"sophisticatedbackpacks:backpack":1,"minecraft:coal":1,"minecraft:shield":2,"apotheosis:gem":6,"minecraft:stone_pickaxe":2,"minecraft:wooden_pickaxe":1,"minecraft:iron_pickaxe":1,"minecraft:iron_shovel":1},"minecraft:killed":{"minecraft:cave_spider":1,"minecraft:pig":7,"minecraft:salmon":3,"minecraft:spider":2,"minecraft:wandering_trader":1,"minecraft:sheep":3,"minecraft:skeleton":3,"minecraft:trader_llama":2,"minecraft:zombie":4,"minecraft:chicken":3,"minecraft:cow":4},"minecraft:used":{"iceandfire:silver_sword":25,"minecraft:stone_sword":80,"minecraft:stone_pickaxe":219,"minecraft:oak_planks":4,"minecraft:shield":40,"minecraft:wooden_pickaxe":28,"minecraft:crafting_table":5,"minecraft:tuff":1,"minecraft:iron_pickaxe":208,"minecraft:stone_axe":25,"minecraft:cobblestone":36,"minecraft:cooked_porkchop":1,"minecraft:furnace":5,"minecraft:egg":4,"minecraft:cooked_beef":5}},"DataVersion":3120}