{"stats":{"minecraft:crafted":{"minecraft:cooked_beef":3,"minecraft:oak_planks":4,"minecraft:crafting_table":3,"minecraft:wooden_pickaxe":2,"minecraft:furnace":1,"minecraft:stone_axe":1,"minecraft:air":0,"minecraft:shield":1,"minecraft:stick":16,"minecraft:iron_ingot":4,"minecraft:iron_pickaxe":1,"minecraft:stone_pickaxe":2,"minecraft:stone_sword":2,"minecraft:acacia_planks":36},"minecraft:picked_up":{"minecraft:crafting_table":6,"minecraft:feather":2,"minecraft:chicken":3,"minecraft:glow_ink_sac":3,"minecraft:tuff":2,"minecraft:oak_log":1,"minecraft:shield":4,"minecraft:dirt":4,"minecraft:string":37,"minecraft:leather_boots":2,"minecraft:bone":2,"minecraft:acacia_planks":8,"minecraft:wheat_seeds":2,"minecraft:cobbled_deepslate":97,"minecraft:beef":3,"minecraft:stone_pickaxe":3,"minecraft:iron_pickaxe":2,"minecraft:furnace":3,"minecraft:egg":2,"minecraft:stick":2,"minecraft:raw_iron":2,"apotheosis:gem":4,"minecraft:acacia_log":25,"minecraft:porkchop":5,"minecraft:redstone":18,"minecraft:stone_sword":2,"minecraft:arrow":6,"minecraft:diamond":2,"minecraft:stone_axe":1,"minecraft:golden_apple":1,"minecraft:mutton":5,"minecraft:white_wool":3,"minecraft:cobblestone":334},"minecraft:mined":{"minecraft:deepslate_redstone_ore":2,"minecraft:tuff":2,"minecraft:acacia_leaves":1,"minecraft:deepslate_diamond_ore":1,"minecraft:crafting_table":4,"minecraft:acacia_log":25,"minecraft:grass_block":1,"minecraft:cobblestone":8,"minecraft:furnace":1,"minecraft:grass":24,"minecraft:oak_log":1,"minecraft:deepslate_iron_ore":2,"biomesoplenty:webbing":2,"minecraft:dirt":1,"biomesoplenty:spider_egg":1,"minecraft:stone":230,"minecraft:deepslate":45},"minecraft:killed_by":{"minecraft:vindicator":1,"minecraft:spider":1,"minecraft:zombie":2},"minecraft:broken":{"minecraft:stone_pickaxe":1},"minecraft:custom":{"minecraft:interact_with_furnace":10,"minecraft:mob_kills":18,"minecraft:interact_with_crafting_table":9,"minecraft:damage_dealt_resisted":0,"minecraft:leave_game":1,"minecraft:time_since_death":7366,"minecraft:damage_resisted":0,"minecraft:time_since_rest":7392,"minecraft:sprint_one_cm":119207,"minecraft:damage_taken":2204,"minecraft:walk_one_cm":88632,"minecraft:damage_blocked_by_shield":1015,"minecraft:drop":4,"minecraft:damage_dealt":2616,"minecraft:swim_one_cm":3497,"minecraft:fly_one_cm":135932,"minecraft:open_chest":2,"minecraft:crouch_one_cm":3843,"minecraft:play_time":41926,"minecraft:deaths":7,"minecraft:sneak_time":1539,"minecraft:walk_under_water_one_cm":9373,"minecraft:jump":697,"minecraft:walk_on_water_one_cm":13165,"minecraft:total_world_time":41926,"minecraft:fall_one_cm":22936},"minecraft:dropped":{"minecraft:stone_axe":1,"minecraft:wheat_seeds":1,"minecraft:shield":1,"apotheosis:gem":1},"minecraft:killed":{"minecraft:cave_spider":1,"minecraft:pig":2,"minecraft:spider":2,"minecraft:sheep":3,"minecraft:skeleton":3,"minecraft:zombie":3,"minecraft:chicken":3,"minecraft:cow":1},"minecraft:used":{"minecraft:stone_sword":47,"minecraft:stone_pickaxe":203,"minecraft:oak_planks":4,"minecraft:shield":40,"minecraft:wooden_pickaxe":28,"minecraft:crafting_table":4,"minecraft:tuff":1,"minecraft:iron_pickaxe":67,"minecraft:stone_axe":25,"minecraft:cobblestone":36,"minecraft:furnace":1,"minecraft:egg":2,"minecraft:cooked_beef":3}},"DataVersion":3120}