{"stats":{"minecraft:crafted":{"minecraft:cooked_beef":5,"minecraft:oak_planks":4,"minecraft:cooked_porkchop":6,"minecraft:crafting_table":3,"minecraft:spruce_planks":28,"minecraft:wooden_pickaxe":2,"minecraft:furnace":4,"minecraft:stone_axe":1,"minecraft:air":0,"minecraft:shield":1,"minecraft:stick":16,"minecraft:iron_ingot":4,"minecraft:iron_pickaxe":1,"minecraft:stone_pickaxe":2,"minecraft:stone_sword":2,"minecraft:chest":2,"minecraft:acacia_planks":36},"minecraft:picked_up":{"minecraft:crafting_table":6,"minecraft:feather":4,"minecraft:chicken":4,"minecraft:water_bucket":1,"minecraft:glow_ink_sac":4,"minecraft:salmon":3,"minecraft:leather":20,"minecraft:wooden_pickaxe":1,"minecraft:tuff":11,"minecraft:oak_log":1,"minecraft:shield":4,"minecraft:dirt":10,"minecraft:string":37,"minecraft:raw_copper":60,"minecraft:leather_boots":2,"minecraft:iron_shovel":1,"minecraft:bone":9,"minecraft:acacia_planks":10,"minecraft:wheat_seeds":2,"minecraft:cobbled_deepslate":108,"minecraft:beef":10,"minecraft:stone_pickaxe":6,"minecraft:iron_pickaxe":3,"minecraft:furnace":3,"minecraft:egg":4,"minecraft:stick":2,"minecraft:raw_iron":2,"apotheosis:gem":8,"minecraft:acacia_log":25,"iceandfire:silver_ore":5,"minecraft:porkchop":11,"minecraft:spruce_log":7,"minecraft:redstone":18,"minecraft:stone_sword":2,"minecraft:arrow":6,"minecraft:diamond":2,"minecraft:stone_axe":2,"minecraft:golden_apple":1,"minecraft:coal":18,"minecraft:mutton":5,"minecraft:white_wool":3,"minecraft:cobblestone":443},"minecraft:mined":{"minecraft:deepslate_redstone_ore":2,"minecraft:tuff":2,"minecraft:acacia_leaves":1,"iceandfire:silver_ore":5,"minecraft:deepslate_diamond_ore":1,"minecraft:crafting_table":4,"biomesoplenty:bush":3,"minecraft:acacia_log":25,"minecraft:grass_block":1,"minecraft:copper_ore":15,"minecraft:cobblestone":9,"minecraft:furnace":1,"minecraft:spruce_log":7,"minecraft:grass":25,"minecraft:coal_ore":20,"minecraft:oak_log":1,"minecraft:deepslate_iron_ore":2,"biomesoplenty:webbing":2,"minecraft:dirt":7,"biomesoplenty:spider_egg":1,"minecraft:stone":341,"minecraft:deepslate":45},"minecraft:killed_by":{"minecraft:vindicator":1,"minecraft:spider":1,"minecraft:zombie":2},"minecraft:broken":{"minecraft:stone_pickaxe":1},"minecraft:custom":{"minecraft:interact_with_furnace":21,"minecraft:mob_kills":28,"minecraft:interact_with_crafting_table":13,"minecraft:damage_dealt_resisted":0,"minecraft:leave_game":1,"minecraft:time_since_death":19366,"minecraft:damage_resisted":0,"minecraft:time_since_rest":19392,"minecraft:sprint_one_cm":139229,"minecraft:damage_taken":2242,"minecraft:walk_one_cm":109789,"minecraft:damage_blocked_by_shield":1015,"minecraft:drop":15,"minecraft:damage_dealt":3426,"minecraft:swim_one_cm":6716,"minecraft:player_kills":1,"minecraft:fly_one_cm":166520,"minecraft:open_chest":2,"minecraft:crouch_one_cm":3843,"minecraft:play_time":53926,"minecraft:deaths":7,"minecraft:sneak_time":1546,"minecraft:walk_under_water_one_cm":10356,"minecraft:jump":872,"minecraft:walk_on_water_one_cm":13642,"minecraft:total_world_time":53926,"minecraft:fall_one_cm":26187},"minecraft:dropped":{"minecraft:stone_axe":2,"minecraft:wheat_seeds":1,"minecraft:coal":1,"minecraft:shield":2,"apotheosis:gem":5,"minecraft:stone_pickaxe":2,"minecraft:wooden_pickaxe":1,"minecraft:iron_pickaxe":1,"minecraft:iron_shovel":1},"minecraft:killed":{"minecraft:cave_spider":1,"minecraft:pig":6,"minecraft:salmon":3,"minecraft:spider":2,"minecraft:sheep":3,"minecraft:skeleton":3,"minecraft:zombie":3,"minecraft:chicken":3,"minecraft:cow":4},"minecraft:used":{"minecraft:stone_sword":80,"minecraft:stone_pickaxe":214,"minecraft:oak_planks":4,"minecraft:shield":40,"minecraft:wooden_pickaxe":28,"minecraft:crafting_table":5,"minecraft:tuff":1,"minecraft:iron_pickaxe":208,"minecraft:stone_axe":25,"minecraft:cobblestone":36,"minecraft:furnace":5,"minecraft:egg":4,"minecraft:cooked_beef":5}},"DataVersion":3120}