{"stats":{"minecraft:used":{"customnpcs:npcwand":1,"minecraft:netherite_sword":11,"minecraft:black_concrete":32,"minecraft:command_block":1,"minecraft:stone_button":1,"minecraft:light_blue_terracotta":1,"minecraft:stone":7},"minecraft:dropped":{"customnpcs:npcsoulstoneempty":1},"minecraft:killed":{"customnpcs:customnpc":1},"minecraft:custom":{"minecraft:time_since_rest":84581,"minecraft:play_one_minute":84581,"minecraft:crouch_one_cm":843,"minecraft:sprint_one_cm":32127,"minecraft:walk_one_cm":65329,"minecraft:sneak_time":916,"minecraft:interact_with_anvil":2,"minecraft:drop":1,"minecraft:jump":76,"minecraft:leave_game":1,"minecraft:damage_dealt":1611,"minecraft:time_since_death":84581,"minecraft:fall_one_cm":5254,"minecraft:fly_one_cm":137179},"minecraft:picked_up":{"naruto_shippuden:level_plus_1":1,"minecraft:netherite_sword":1,"customnpcs:npcsoulstoneempty":1}},"DataVersion":2586}