{"stats":{"minecraft:crafted":{"minecraft:cooked_beef":10,"minecraft:oak_planks":40,"minecraft:crafting_table":2,"minecraft:wooden_pickaxe":2,"minecraft:iron_helmet":1,"minecraft:iron_sword":1,"minecraft:furnace":2,"minecraft:stone_axe":1,"minecraft:cooked_mutton":6,"minecraft:air":0,"minecraft:iron_boots":1,"minecraft:iron_chestplate":1,"minecraft:shield":1,"minecraft:stick":16,"minecraft:iron_ingot":41,"minecraft:iron_pickaxe":3,"minecraft:stone_pickaxe":1,"minecraft:stone_sword":1,"minecraft:chest":1,"minecraft:iron_leggings":1,"minecraft:white_bed":1,"minecraft:torch":24},"minecraft:custom":{"minecraft:interact_with_furnace":15,"minecraft:mob_kills":17,"minecraft:interact_with_crafting_table":17,"minecraft:play_one_minute":33143,"minecraft:leave_game":2,"minecraft:time_since_death":33143,"minecraft:sleep_in_bed":1,"minecraft:time_since_rest":22493,"minecraft:sprint_one_cm":69124,"minecraft:damage_taken":160,"minecraft:walk_one_cm":95716,"minecraft:damage_dealt":1820,"minecraft:swim_one_cm":1571,"minecraft:fly_one_cm":27840,"minecraft:open_chest":2,"minecraft:crouch_one_cm":181,"minecraft:sneak_time":286,"minecraft:walk_under_water_one_cm":252,"minecraft:jump":284,"minecraft:walk_on_water_one_cm":1204,"minecraft:fall_one_cm":2763},"minecraft:picked_up":{"minecraft:birch_log":5,"minecraft:crafting_table":2,"minecraft:andesite":36,"minecraft:leather":4,"minecraft:oak_log":52,"minecraft:apple":2,"minecraft:beef":10,"minecraft:iron_ore":45,"minecraft:stick":6,"minecraft:porkchop":6,"minecraft:sand":4,"minecraft:diorite":14,"minecraft:white_bed":1,"minecraft:rotten_flesh":3,"minecraft:granite":11,"minecraft:oak_sapling":6,"minecraft:black_wool":1,"minecraft:mutton":6,"minecraft:coal":127,"minecraft:white_wool":3,"minecraft:cobblestone":336},"minecraft:broken":{"minecraft:stone_pickaxe":1,"minecraft:iron_pickaxe":1},"minecraft:mined":{"minecraft:white_bed":1,"minecraft:crafting_table":2,"minecraft:granite":11,"minecraft:cobblestone":1,"minecraft:diorite":14,"minecraft:birch_log":5,"minecraft:iron_ore":45,"minecraft:birch_leaves":4,"minecraft:andesite":36,"minecraft:grass":2,"minecraft:coal_ore":127,"minecraft:oak_log":51,"minecraft:sand":5,"minecraft:stone":339,"minecraft:oak_leaves":19},"minecraft:killed":{"minecraft:pig":4,"minecraft:bat":1,"minecraft:sheep":4,"minecraft:zombie":4,"minecraft:cow":4},"minecraft:used":{"minecraft:stone_sword":51,"minecraft:stone_pickaxe":131,"minecraft:chest":1,"minecraft:wooden_pickaxe":17,"minecraft:torch":8,"minecraft:crafting_table":4,"minecraft:white_bed":1,"minecraft:apple":2,"minecraft:iron_pickaxe":429,"minecraft:stone_axe":69,"minecraft:cobblestone":40,"minecraft:oak_sapling":4,"minecraft:furnace":2,"minecraft:andesite":8,"minecraft:cooked_beef":2}},"DataVersion":2586}