{"stats":{"minecraft:dropped":{"minecraft:black_dye":2,"minecraft:rotten_flesh":3,"minecraft:cobblestone":16,"minecraft:granite":11,"minecraft:andesite":28,"minecraft:sand":5,"minecraft:black_wool":1},"minecraft:crafted":{"minecraft:cooked_beef":10,"minecraft:black_dye":3,"minecraft:oak_planks":40,"minecraft:crafting_table":2,"minecraft:wooden_pickaxe":2,"minecraft:iron_helmet":1,"minecraft:iron_sword":1,"minecraft:furnace":2,"minecraft:bucket":1,"minecraft:stone_axe":1,"minecraft:cooked_mutton":6,"minecraft:air":0,"minecraft:iron_boots":1,"minecraft:iron_chestplate":1,"minecraft:shield":1,"minecraft:stick":16,"minecraft:iron_ingot":45,"minecraft:iron_pickaxe":3,"minecraft:stone_pickaxe":1,"minecraft:stone_sword":1,"minecraft:chest":1,"minecraft:iron_leggings":1,"minecraft:black_bed":1,"minecraft:white_bed":1,"minecraft:torch":24},"minecraft:custom":{"minecraft:interact_with_furnace":19,"minecraft:mob_kills":43,"minecraft:interact_with_crafting_table":18,"minecraft:play_one_minute":45143,"minecraft:leave_game":2,"minecraft:time_since_death":45143,"minecraft:sleep_in_bed":1,"minecraft:time_since_rest":34493,"minecraft:sprint_one_cm":146121,"minecraft:damage_taken":330,"minecraft:walk_one_cm":114265,"minecraft:drop":8,"minecraft:damage_dealt":4030,"minecraft:swim_one_cm":10311,"minecraft:fly_one_cm":102746,"minecraft:open_chest":2,"minecraft:crouch_one_cm":181,"minecraft:sneak_time":286,"minecraft:walk_under_water_one_cm":1988,"minecraft:jump":640,"minecraft:walk_on_water_one_cm":10407,"minecraft:fall_one_cm":12774},"minecraft:picked_up":{"minecraft:birch_log":5,"minecraft:crafting_table":4,"minecraft:feather":1,"minecraft:chicken":3,"minecraft:andesite":36,"minecraft:leather":10,"minecraft:oak_log":57,"minecraft:dirt":2,"minecraft:apple":2,"minecraft:beef":18,"minecraft:iron_ore":45,"minecraft:furnace":2,"minecraft:stick":7,"minecraft:cooked_porkchop":6,"minecraft:porkchop":31,"minecraft:sand":5,"minecraft:ink_sac":3,"minecraft:diorite":14,"minecraft:white_bed":1,"minecraft:rotten_flesh":3,"minecraft:granite":11,"minecraft:oak_sapling":7,"minecraft:black_wool":1,"minecraft:mutton":10,"minecraft:coal":159,"minecraft:white_wool":6,"minecraft:cobblestone":389},"minecraft:broken":{"minecraft:stone_pickaxe":1,"minecraft:iron_pickaxe":1},"minecraft:mined":{"minecraft:white_bed":1,"minecraft:crafting_table":4,"minecraft:granite":11,"minecraft:cobblestone":1,"minecraft:diorite":14,"minecraft:furnace":2,"minecraft:birch_log":5,"minecraft:iron_ore":45,"minecraft:birch_leaves":4,"minecraft:andesite":36,"minecraft:grass":2,"minecraft:coal_ore":139,"minecraft:oak_log":56,"minecraft:sand":5,"minecraft:dirt":2,"minecraft:stone":392,"minecraft:oak_leaves":21},"minecraft:killed":{"minecraft:pig":15,"minecraft:salmon":2,"minecraft:bat":1,"minecraft:squid":1,"minecraft:sheep":7,"minecraft:zombie":4,"minecraft:chicken":3,"minecraft:cow":10},"minecraft:used":{"minecraft:water_bucket":1,"minecraft:stone_sword":51,"minecraft:stone_pickaxe":131,"minecraft:chest":1,"minecraft:wooden_pickaxe":17,"minecraft:iron_sword":50,"minecraft:torch":9,"minecraft:crafting_table":5,"minecraft:white_bed":1,"minecraft:apple":2,"minecraft:iron_pickaxe":498,"minecraft:stone_axe":78,"minecraft:cobblestone":40,"minecraft:oak_sapling":4,"minecraft:furnace":2,"minecraft:bucket":2,"minecraft:andesite":8,"minecraft:cooked_beef":6}},"DataVersion":2586}