{"stats":{"minecraft:dropped":{"minecraft:black_dye":2,"minecraft:rotten_flesh":3,"minecraft:cobblestone":16,"minecraft:granite":11,"minecraft:andesite":28,"minecraft:snowball":7,"minecraft:sand":5,"minecraft:black_wool":1},"minecraft:crafted":{"minecraft:cooked_beef":10,"minecraft:black_dye":3,"minecraft:oak_planks":40,"minecraft:stone_shovel":1,"minecraft:crafting_table":2,"minecraft:wooden_pickaxe":2,"minecraft:iron_helmet":1,"minecraft:iron_sword":1,"minecraft:furnace":2,"minecraft:bucket":1,"minecraft:birch_planks":20,"minecraft:stone_axe":1,"minecraft:cooked_mutton":6,"minecraft:air":0,"minecraft:iron_boots":1,"minecraft:iron_chestplate":1,"minecraft:shield":1,"minecraft:stick":56,"minecraft:iron_ingot":45,"minecraft:iron_pickaxe":3,"minecraft:stone_pickaxe":1,"minecraft:stone_sword":1,"minecraft:chest":1,"minecraft:iron_leggings":1,"minecraft:black_bed":1,"minecraft:white_bed":1,"minecraft:torch":24},"minecraft:custom":{"minecraft:interact_with_furnace":23,"minecraft:mob_kills":44,"minecraft:interact_with_crafting_table":19,"minecraft:play_one_minute":57562,"minecraft:leave_game":3,"minecraft:time_since_death":57562,"minecraft:sleep_in_bed":3,"minecraft:time_since_rest":7921,"minecraft:sprint_one_cm":156938,"minecraft:damage_taken":430,"minecraft:walk_one_cm":138522,"minecraft:drop":9,"minecraft:damage_dealt":4290,"minecraft:swim_one_cm":15960,"minecraft:fly_one_cm":105737,"minecraft:open_chest":4,"minecraft:crouch_one_cm":3391,"minecraft:sneak_time":952,"minecraft:walk_under_water_one_cm":4021,"minecraft:jump":808,"minecraft:walk_on_water_one_cm":16378,"minecraft:fall_one_cm":13252},"minecraft:picked_up":{"minecraft:birch_log":5,"minecraft:crafting_table":4,"minecraft:feather":1,"minecraft:chicken":3,"minecraft:andesite":36,"minecraft:black_bed":1,"minecraft:leather":10,"minecraft:oak_log":57,"minecraft:dirt":18,"minecraft:bone":2,"minecraft:apple":2,"minecraft:wheat_seeds":1,"minecraft:beef":18,"minecraft:iron_ore":45,"minecraft:furnace":3,"minecraft:stick":7,"minecraft:cooked_porkchop":6,"minecraft:porkchop":31,"minecraft:sand":5,"minecraft:ink_sac":3,"minecraft:diorite":14,"minecraft:white_bed":1,"minecraft:arrow":1,"minecraft:rotten_flesh":3,"minecraft:granite":11,"minecraft:oak_sapling":7,"minecraft:black_wool":1,"minecraft:mutton":10,"minecraft:coal":159,"minecraft:snowball":101,"minecraft:white_wool":6,"minecraft:cobblestone":483},"minecraft:broken":{"minecraft:stone_pickaxe":1,"minecraft:iron_pickaxe":2,"minecraft:stone_shovel":1},"minecraft:mined":{"minecraft:white_bed":1,"minecraft:crafting_table":4,"minecraft:granite":11,"minecraft:grass_block":8,"minecraft:cobblestone":1,"minecraft:diorite":14,"minecraft:furnace":3,"minecraft:snow":127,"minecraft:birch_log":5,"minecraft:iron_ore":45,"minecraft:ice":1,"minecraft:birch_leaves":4,"minecraft:andesite":36,"minecraft:black_bed":1,"minecraft:grass":4,"minecraft:coal_ore":139,"minecraft:oak_log":56,"minecraft:sand":5,"minecraft:dirt":11,"minecraft:stone":486,"minecraft:oak_leaves":21},"minecraft:killed":{"minecraft:pig":15,"minecraft:salmon":2,"minecraft:bat":1,"minecraft:squid":1,"minecraft:sheep":7,"minecraft:skeleton":1,"minecraft:zombie":4,"minecraft:chicken":3,"minecraft:cow":10},"minecraft:used":{"minecraft:water_bucket":2,"minecraft:stone_sword":51,"minecraft:stone_shovel":133,"minecraft:stone_pickaxe":131,"minecraft:shield":1,"minecraft:chest":1,"minecraft:wooden_pickaxe":17,"minecraft:iron_sword":59,"minecraft:torch":13,"minecraft:crafting_table":6,"minecraft:white_bed":1,"minecraft:black_bed":1,"minecraft:snowball":4,"minecraft:apple":2,"minecraft:iron_pickaxe":597,"minecraft:stone_axe":78,"minecraft:cobblestone":76,"minecraft:oak_sapling":7,"minecraft:furnace":5,"minecraft:bucket":3,"minecraft:andesite":8,"minecraft:cooked_beef":6}},"DataVersion":2586}