{"stats":{"minecraft:crafted":{"minecraft:stone_sword":1,"minecraft:furnace":1,"minecraft:oak_planks":20,"minecraft:crafting_table":1,"minecraft:stone_axe":1,"minecraft:stick":4,"minecraft:wooden_pickaxe":1,"minecraft:stone_pickaxe":1},"minecraft:custom":{"minecraft:time_since_rest":4511,"minecraft:play_one_minute":4511,"minecraft:sprint_one_cm":4440,"minecraft:walk_one_cm":9797,"minecraft:jump":21,"minecraft:time_since_death":4511,"minecraft:leave_game":2,"minecraft:interact_with_crafting_table":5,"minecraft:fly_one_cm":2478},"minecraft:picked_up":{"minecraft:crafting_table":1,"minecraft:stick":6,"minecraft:apple":2,"minecraft:oak_log":19,"minecraft:oak_sapling":5,"minecraft:cobblestone":17},"minecraft:mined":{"minecraft:grass":1,"minecraft:oak_log":19,"minecraft:stone":17,"minecraft:oak_leaves":9,"minecraft:crafting_table":1},"minecraft:used":{"minecraft:stone_axe":22,"minecraft:crafting_table":2,"minecraft:oak_sapling":4,"minecraft:wooden_pickaxe":17}},"DataVersion":2586}