{"stats":{"minecraft:crafted":{"minecraft:oak_planks":20,"minecraft:crafting_table":1,"minecraft:stick":4,"minecraft:wooden_pickaxe":2,"minecraft:stone_pickaxe":1,"minecraft:stone_sword":1,"minecraft:chest":1,"minecraft:furnace":1,"minecraft:stone_axe":1},"minecraft:custom":{"minecraft:time_since_rest":9143,"minecraft:sprint_one_cm":26368,"minecraft:walk_one_cm":19750,"minecraft:mob_kills":2,"minecraft:damage_dealt":200,"minecraft:interact_with_crafting_table":7,"minecraft:fly_one_cm":17961,"minecraft:open_chest":2,"minecraft:play_one_minute":9143,"minecraft:jump":134,"minecraft:leave_game":2,"minecraft:time_since_death":9143,"minecraft:walk_on_water_one_cm":870,"minecraft:fall_one_cm":1581},"minecraft:picked_up":{"minecraft:birch_log":5,"minecraft:stick":6,"minecraft:crafting_table":1,"minecraft:porkchop":4,"minecraft:oak_log":51,"minecraft:apple":2,"minecraft:oak_sapling":5,"minecraft:coal":12,"minecraft:cobblestone":17},"minecraft:mined":{"minecraft:birch_log":5,"minecraft:birch_leaves":2,"minecraft:crafting_table":1,"minecraft:grass":1,"minecraft:oak_log":51,"minecraft:coal_ore":12,"minecraft:stone":17,"minecraft:oak_leaves":19},"minecraft:killed":{"minecraft:pig":2},"minecraft:used":{"minecraft:apple":2,"minecraft:stone_sword":9,"minecraft:stone_pickaxe":12,"minecraft:chest":1,"minecraft:wooden_pickaxe":17,"minecraft:stone_axe":67,"minecraft:crafting_table":2,"minecraft:oak_sapling":4}},"DataVersion":2586}