{"stats":{"minecraft:used":{"fishyhard_fhcore:bonsai":1,"minecraft:jungle_sapling":5,"minecraft:stone_brick_slab":31,"minecraft:dark_oak_stairs":13,"minecraft:mossy_stone_bricks":104,"minecraft:grass_block":40,"minecraft:brick_stairs":4,"minecraft:oak_planks":1,"slashblade:bladestand_s":1,"minecraft:dark_oak_slab":115,"slashblade:bladestand_v":1,"minecraft:polished_blackstone_brick_stairs":2,"minecraft:stone":76,"slashblade:bladestand_2":1,"slashblade:bladestand_1":2,"minecraft:spruce_sapling":4,"minecraft:stone_brick_stairs":11,"customnpcs:npcwand":1,"minecraft:stone_bricks":5,"minecraft:cracked_stone_bricks":113,"minecraft:anvil":2,"fishyhard_fhcore:japanese_tea_pot":1,"minecraft:oak_sapling":4,"minecraft:podzol":3,"customnpcs:npcmobcloner":1,"minecraft:bone_meal":61,"minecraft:dark_oak_sapling":13},"minecraft:picked_up":{"minecraft:stick":3,"minecraft:oak_door":1,"minecraft:netherite_pickaxe":2,"naruto_shippuden:shogi_board":1,"naruto_shippuden:aqua":1,"minecraft:jungle_sapling":1},"minecraft:dropped":{"minecraft:netherite_pickaxe":2,"fishyhard_fhcore:bonsai":1,"naruto_shippuden:aqua":1},"minecraft:custom":{"minecraft:time_since_rest":69406,"minecraft:sprint_one_cm":65430,"minecraft:walk_one_cm":171683,"minecraft:interact_with_anvil":2,"minecraft:drop":4,"minecraft:fly_one_cm":424668,"minecraft:crouch_one_cm":1157,"minecraft:play_one_minute":69406,"minecraft:sneak_time":1401,"minecraft:walk_under_water_one_cm":4155,"minecraft:jump":324,"minecraft:leave_game":2,"minecraft:walk_on_water_one_cm":6,"minecraft:time_since_death":69406,"minecraft:climb_one_cm":346,"minecraft:fall_one_cm":484}},"DataVersion":2586}