{"stats":{"minecraft:crafted":{"minecraft:oak_planks":40,"minecraft:shield":1,"minecraft:crafting_table":2,"minecraft:stick":12,"minecraft:iron_ingot":4,"minecraft:wooden_pickaxe":2,"minecraft:iron_pickaxe":1,"minecraft:stone_pickaxe":1,"minecraft:stone_sword":1,"minecraft:chest":1,"minecraft:furnace":2,"minecraft:white_bed":1,"minecraft:torch":4,"minecraft:stone_axe":1,"minecraft:air":0},"minecraft:custom":{"minecraft:time_since_rest":10493,"minecraft:interact_with_furnace":8,"minecraft:sprint_one_cm":43015,"minecraft:damage_taken":35,"minecraft:walk_one_cm":54648,"minecraft:mob_kills":13,"minecraft:damage_dealt":1160,"minecraft:interact_with_crafting_table":13,"minecraft:fly_one_cm":24754,"minecraft:open_chest":2,"minecraft:play_one_minute":21143,"minecraft:jump":215,"minecraft:leave_game":2,"minecraft:time_since_death":21143,"minecraft:walk_on_water_one_cm":870,"minecraft:sleep_in_bed":1,"minecraft:fall_one_cm":2494},"minecraft:picked_up":{"minecraft:birch_log":5,"minecraft:stick":6,"minecraft:crafting_table":2,"minecraft:andesite":30,"minecraft:leather":4,"minecraft:porkchop":6,"minecraft:oak_log":52,"minecraft:diorite":6,"minecraft:white_bed":1,"minecraft:apple":2,"minecraft:granite":10,"minecraft:beef":10,"minecraft:iron_ore":14,"minecraft:oak_sapling":6,"minecraft:black_wool":1,"minecraft:mutton":6,"minecraft:coal":37,"minecraft:white_wool":3,"minecraft:cobblestone":241},"minecraft:broken":{"minecraft:stone_pickaxe":1},"minecraft:mined":{"minecraft:white_bed":1,"minecraft:iron_ore":14,"minecraft:birch_log":5,"minecraft:andesite":30,"minecraft:birch_leaves":4,"minecraft:crafting_table":2,"minecraft:granite":10,"minecraft:grass":2,"minecraft:oak_log":51,"minecraft:coal_ore":37,"minecraft:stone":242,"minecraft:diorite":6,"minecraft:oak_leaves":19},"minecraft:killed":{"minecraft:sheep":4,"minecraft:zombie":1,"minecraft:pig":4,"minecraft:cow":4},"minecraft:used":{"minecraft:apple":2,"minecraft:stone_sword":35,"minecraft:stone_pickaxe":131,"minecraft:iron_pickaxe":191,"minecraft:chest":1,"minecraft:wooden_pickaxe":17,"minecraft:stone_axe":69,"minecraft:torch":1,"minecraft:crafting_table":4,"minecraft:furnace":2,"minecraft:oak_sapling":4,"minecraft:white_bed":1}},"DataVersion":2586}