{"stats":{"minecraft:dropped":{"minecraft:iron_ingot":11,"minecraft:black_dye":2,"minecraft:cobblestone":16,"minecraft:rotten_flesh":3,"minecraft:granite":11,"minecraft:andesite":28,"minecraft:snowball":7,"minecraft:sand":5,"minecraft:white_wool":1,"minecraft:black_wool":1},"minecraft:crafted":{"minecraft:cooked_beef":10,"minecraft:black_dye":3,"minecraft:oak_planks":232,"minecraft:stone_shovel":1,"minecraft:crafting_table":2,"minecraft:wooden_pickaxe":2,"minecraft:iron_helmet":1,"minecraft:iron_sword":1,"minecraft:furnace":2,"minecraft:bucket":1,"minecraft:birch_planks":20,"minecraft:stone_axe":1,"minecraft:cooked_mutton":6,"minecraft:air":0,"minecraft:oak_trapdoor":4,"minecraft:iron_boots":1,"minecraft:iron_chestplate":1,"minecraft:shield":1,"minecraft:stick":56,"minecraft:iron_ingot":58,"minecraft:iron_pickaxe":5,"minecraft:stone_pickaxe":1,"minecraft:stone_sword":1,"minecraft:chest":1,"minecraft:iron_leggings":1,"minecraft:black_bed":1,"minecraft:white_bed":1,"minecraft:torch":24},"minecraft:custom":{"minecraft:interact_with_furnace":28,"minecraft:mob_kills":44,"minecraft:interact_with_crafting_table":22,"minecraft:play_one_minute":71445,"minecraft:leave_game":3,"minecraft:time_since_death":71445,"minecraft:sleep_in_bed":4,"minecraft:time_since_rest":6404,"minecraft:sprint_one_cm":188715,"minecraft:damage_taken":509,"minecraft:walk_one_cm":166419,"minecraft:drop":13,"minecraft:damage_dealt":4350,"minecraft:swim_one_cm":16881,"minecraft:fly_one_cm":119861,"minecraft:open_chest":4,"minecraft:crouch_one_cm":3721,"minecraft:sneak_time":1794,"minecraft:walk_under_water_one_cm":16407,"minecraft:jump":1105,"minecraft:walk_on_water_one_cm":23759,"minecraft:fall_one_cm":14833},"minecraft:picked_up":{"minecraft:birch_log":5,"minecraft:crafting_table":5,"minecraft:feather":1,"minecraft:chicken":3,"minecraft:andesite":42,"minecraft:black_bed":2,"minecraft:leather":10,"minecraft:oak_log":58,"minecraft:gunpowder":2,"minecraft:lapis_lazuli":35,"minecraft:dirt":18,"minecraft:cooked_mutton":4,"minecraft:bone":2,"minecraft:apple":2,"minecraft:wheat_seeds":1,"minecraft:beef":18,"minecraft:iron_ore":45,"minecraft:furnace":5,"minecraft:stick":10,"minecraft:cooked_porkchop":31,"minecraft:porkchop":31,"minecraft:sand":5,"minecraft:gold_ore":6,"minecraft:ink_sac":3,"minecraft:diorite":17,"minecraft:white_bed":1,"minecraft:redstone":42,"minecraft:arrow":1,"minecraft:rotten_flesh":3,"minecraft:granite":13,"minecraft:oak_sapling":8,"minecraft:black_wool":1,"minecraft:mutton":10,"minecraft:coal":278,"minecraft:snowball":101,"minecraft:white_wool":7,"minecraft:cobblestone":581},"minecraft:broken":{"minecraft:stone_pickaxe":1,"minecraft:iron_pickaxe":3,"minecraft:stone_shovel":1},"minecraft:mined":{"minecraft:white_bed":1,"minecraft:crafting_table":5,"minecraft:granite":13,"minecraft:grass_block":8,"minecraft:cobblestone":46,"minecraft:lapis_ore":4,"minecraft:diorite":17,"minecraft:redstone_ore":9,"minecraft:furnace":5,"minecraft:birch_log":5,"minecraft:iron_ore":46,"minecraft:snow":127,"minecraft:ice":1,"minecraft:andesite":42,"minecraft:birch_leaves":4,"minecraft:black_bed":2,"minecraft:grass":4,"minecraft:oak_log":56,"minecraft:coal_ore":142,"minecraft:sand":5,"minecraft:dirt":11,"minecraft:stone":562,"minecraft:gold_ore":6,"minecraft:white_wool":1,"minecraft:oak_leaves":21},"minecraft:killed":{"minecraft:pig":15,"minecraft:salmon":2,"minecraft:bat":1,"minecraft:squid":1,"minecraft:sheep":7,"minecraft:skeleton":1,"minecraft:zombie":4,"minecraft:chicken":3,"minecraft:cow":10},"minecraft:used":{"minecraft:oak_trapdoor":1,"minecraft:water_bucket":10,"minecraft:stone_sword":51,"minecraft:stone_pickaxe":131,"minecraft:stone_shovel":133,"minecraft:wooden_pickaxe":17,"minecraft:chest":1,"minecraft:shield":1,"minecraft:iron_sword":60,"minecraft:torch":14,"minecraft:crafting_table":6,"minecraft:white_bed":1,"minecraft:black_bed":2,"minecraft:snowball":30,"minecraft:apple":2,"minecraft:iron_pickaxe":754,"minecraft:stone_axe":79,"minecraft:cobblestone":129,"minecraft:furnace":5,"minecraft:oak_sapling":7,"minecraft:bucket":11,"minecraft:andesite":8,"minecraft:cooked_beef":9}},"DataVersion":2586}