{"stats":{"minecraft:picked_up":{"naruto_shippuden:level_plus_1":496},"minecraft:custom":{"minecraft:jump":69,"minecraft:time_since_rest":13145,"minecraft:crouch_one_cm":178,"minecraft:play_one_minute":13145,"minecraft:walk_on_water_one_cm":292,"minecraft:sprint_one_cm":9081,"minecraft:damage_taken":100,"minecraft:time_since_death":13145,"minecraft:walk_one_cm":9180,"minecraft:sneak_time":78,"minecraft:walk_under_water_one_cm":6239,"minecraft:fly_one_cm":150849},"minecraft:used":{"minecraft:stone":18,"minecraft:glowstone":1,"minecraft:gravel":1,"minecraft:birch_planks":1}},"DataVersion":2586}