{"stats":{"minecraft:picked_up":{"naruto_shippuden:level_plus_1":496},"minecraft:custom":{"minecraft:jump":201,"minecraft:time_since_rest":18864,"minecraft:crouch_one_cm":178,"minecraft:play_one_minute":18864,"minecraft:leave_game":1,"minecraft:walk_on_water_one_cm":292,"minecraft:sprint_one_cm":23452,"minecraft:damage_taken":100,"minecraft:time_since_death":18864,"minecraft:walk_one_cm":16709,"minecraft:sneak_time":79,"minecraft:walk_under_water_one_cm":6239,"minecraft:player_kills":2,"minecraft:fly_one_cm":199528},"minecraft:used":{"minecraft:stone":18,"minecraft:glowstone":1,"minecraft:gravel":1,"minecraft:birch_planks":1}},"DataVersion":2586}