{"stats":{"minecraft:killed":{"minecraft:slime":4,"customnpcs:customnpc":2},"minecraft:mined":{"minecraft:grass_block":2,"minecraft:dirt":8},"minecraft:picked_up":{"slashblade:proudsoul_ingot":3,"naruto_shippuden:blood_with_iron":2,"naruto_shippuden:level_plus_1":24,"minecraft:water_bucket":1,"naruto_shippuden:level_plus_150":1,"minecraft:dirt":10,"minecraft:glass_pane":1,"minecraft:wheat_seeds":38,"minecraft:netherite_sword":1,"minecraft:redstone_torch":2,"minecraft:poppy":10,"minecraft:sugar_cane":4,"minecraft:oak_door":21,"minecraft:dandelion":8,"minecraft:porkchop":6,"customnpcs:npcsoulstoneempty":1,"slashblade:proudsoul_crystal":1,"minecraft:slime_ball":2,"minecraft:tropical_fish":12,"minecraft:dark_oak_fence":1,"minecraft:cod":4,"minecraft:white_wool":1,"fishyhard_fhcore:bonsai":2},"minecraft:dropped":{"minecraft:water_bucket":1,"minecraft:netherite_sword":2,"fishyhard_fhcore:bonsai":1,"naruto_shippuden:level_plus_150":1,"minecraft:glass_pane":1,"minecraft:dark_oak_fence":1,"naruto_shippuden:shogi_board":1,"slashblade:proudsoul_ingot":1,"naruto_shippuden:level_plus_1":1,"customnpcs:npcsoulstoneempty":1},"minecraft:custom":{"minecraft:interact_with_anvil":5,"minecraft:mob_kills":7,"minecraft:open_barrel":2,"minecraft:play_one_minute":1072948,"minecraft:leave_game":27,"minecraft:time_since_death":489855,"minecraft:climb_one_cm":2,"minecraft:time_since_rest":489886,"minecraft:walk_one_cm":1459650,"minecraft:sprint_one_cm":514221,"minecraft:open_enderchest":1,"minecraft:damage_taken":75,"minecraft:drop":11,"minecraft:damage_dealt":2939,"minecraft:swim_one_cm":758,"minecraft:fly_one_cm":8023704,"minecraft:open_chest":4,"minecraft:crouch_one_cm":41549,"minecraft:deaths":1,"minecraft:sneak_time":22880,"minecraft:walk_under_water_one_cm":6948,"minecraft:jump":3683,"minecraft:walk_on_water_one_cm":14277},"minecraft:used":{"fishyhard_fhcore:bonsai":1,"minecraft:netherite_sword":35,"minecraft:dark_oak_stairs":435,"farmersdelight:onion_crate":4,"minecraft:water_bucket":16,"minecraft:mossy_stone_bricks":110,"minecraft:jack_o_lantern":8,"cfm:stripped_birch_chair":1,"minecraft:blue_terracotta":856,"minecraft:birch_planks":5,"minecraft:red_stained_glass":10,"minecraft:spruce_slab":6,"minecraft:oak_planks":50,"cfm:spruce_cabinet":4,"minecraft:light_blue_terracotta":127,"minecraft:blue_wool":35,"minecraft:black_carpet":24,"farmersdelight:stove":8,"minecraft:chest":10,"minecraft:ender_chest":1,"minecraft:stone":82,"cfm:dark_oak_blinds":33,"minecraft:red_nether_brick_stairs":1,"cfm:stripped_spruce_table":5,"minecraft:spruce_leaves":1,"customnpcs:npcwand":59,"cfm:light_gray_kitchen_sink":1,"minecraft:cracked_stone_bricks":54,"minecraft:green_terracotta":418,"minecraft:stripped_crimson_stem":8,"cfm:rock_path":83,"minecraft:anvil":1,"minecraft:white_wool":20,"minecraft:dark_oak_trapdoor":2,"cfm:dark_oak_desk":4,"minecraft:stripped_dark_oak_log":281,"minecraft:dirt":27,"minecraft:terracotta":75,"minecraft:brewing_stand":9,"minecraft:lime_terracotta":64,"minecraft:sand":8,"cfm:cyan_kitchen_counter":12,"cfm:dark_oak_upgraded_gate":1,"minecraft:yellow_terracotta":314,"minecraft:infested_chiseled_stone_bricks":11,"fishyhard_fhcore:japanese_tea_pot":1,"minecraft:hopper":43,"cfm:trampoline":2,"farmersdelight:tatami":2,"minecraft:light_blue_wool":38,"cfm:stripped_birch_desk_cabinet":3,"minecraft:light_gray_terracotta":297,"minecraft:white_bed":6,"minecraft:painting":15,"minecraft:spruce_fence":129,"minecraft:granite":71,"cfm:spruce_table":17,"minecraft:warped_planks":1,"minecraft:nether_brick_stairs":1,"minecraft:dark_oak_door":17,"minecraft:dark_oak_planks":150,"minecraft:black_terracotta":1760,"cfm:stripped_spruce_cabinet":2,"cfm:oak_chair":17,"farmersdelight:black_canvas_sign":6,"minecraft:redstone_torch":8,"minecraft:oak_log":88,"minecraft:glass":90,"minecraft:sticky_piston":6,"minecraft:gray_terracotta":391,"minecraft:stone_brick_slab":7,"minecraft:wooden_axe":5,"cfm:dark_oak_cabinet":13,"cfm:dark_oak_upgraded_fence":31,"minecraft:cyan_terracotta":354,"cfm:black_sofa":46,"cfm:oak_crate":9,"farmersdelight:oak_pantry":4,"minecraft:bookshelf":96,"cfm:stripped_oak_coffee_table":33,"minecraft:lantern":69,"minecraft:grass_block":87,"minecraft:brick_stairs":13,"cfm:spruce_desk_cabinet":4,"minecraft:red_terracotta":1692,"minecraft:dark_oak_slab":2351,"minecraft:polished_blackstone_brick_stairs":15,"cfm:stripped_dark_oak_bedside_cabinet":3,"cfm:birch_desk_cabinet":1,"minecraft:soul_lantern":26,"minecraft:barrel":29,"minecraft:stone_brick_stairs":20,"customnpcs:npccarpentybench":1,"farmersdelight:acacia_pantry":2,"minecraft:yellow_wool":20,"minecraft:stone_bricks":199,"cfm:stripped_birch_park_bench":22,"cfm:stripped_jungle_table":11,"cfm:stone_chair":3,"minecraft:cobblestone":3,"minecraft:glowstone":292,"minecraft:black_stained_glass":153,"minecraft:oak_sapling":3,"farmersdelight:safety_net":8,"minecraft:dark_oak_fence":33,"minecraft:podzol":28,"cfm:dark_oak_coffee_table":6,"farmersdelight:cooking_pot":1,"cfm:dark_oak_chair":7,"minecraft:glass_pane":13,"farmersdelight:shepherds_pie_block":1,"farmersdelight:spruce_pantry":28,"cfm:black_kitchen_counter":8,"cfm:stripped_oak_park_bench":3,"minecraft:gray_stained_glass":36,"customnpcs:npcmobcloner":29,"minecraft:bone_meal":147,"minecraft:polished_blackstone_stairs":12,"cfm:stripped_jungle_kitchen_counter":3,"farmersdelight:birch_pantry":4}},"DataVersion":2586}