{"stats":{"minecraft:custom":{"minecraft:time_since_rest":108458,"minecraft:play_one_minute":108458,"minecraft:crouch_one_cm":1695,"minecraft:sprint_one_cm":32564,"minecraft:open_enderchest":1,"minecraft:walk_one_cm":172021,"minecraft:sneak_time":1366,"minecraft:walk_under_water_one_cm":14064,"minecraft:jump":269,"minecraft:leave_game":4,"minecraft:time_since_death":108458,"minecraft:walk_on_water_one_cm":376,"minecraft:fly_one_cm":347709},"minecraft:used":{"minecraft:birch_fence":13,"minecraft:glass":14,"minecraft:spruce_leaves":186,"minecraft:dark_oak_planks":112,"minecraft:glowstone":3,"minecraft:birch_slab":241,"minecraft:birch_planks":37,"minecraft:grass_block":192,"minecraft:dark_oak_fence":28,"minecraft:oak_planks":146,"minecraft:andesite":20,"minecraft:dark_oak_slab":149,"minecraft:ender_chest":1,"minecraft:stone":1,"minecraft:birch_stairs":182},"minecraft:picked_up":{"naruto_shippuden:shogi":2,"minecraft:apple":1}},"DataVersion":2586}