{"stats":{"minecraft:custom":{"minecraft:jump":114,"minecraft:time_since_rest":48458,"minecraft:crouch_one_cm":130,"minecraft:play_one_minute":48458,"minecraft:walk_on_water_one_cm":376,"minecraft:leave_game":4,"minecraft:sprint_one_cm":8654,"minecraft:open_enderchest":1,"minecraft:time_since_death":48458,"minecraft:walk_one_cm":57198,"minecraft:sneak_time":258,"minecraft:walk_under_water_one_cm":14064,"minecraft:fly_one_cm":127044},"minecraft:used":{"minecraft:oak_planks":58,"minecraft:andesite":17,"minecraft:ender_chest":1,"minecraft:stone":1,"minecraft:birch_stairs":63,"minecraft:birch_planks":5,"minecraft:grass_block":183},"minecraft:picked_up":{"naruto_shippuden:shogi":2,"minecraft:apple":1}},"DataVersion":2586}