{"stats":{"minecraft:crafted":{"minecraft:cooked_beef":7,"minecraft:oak_planks":32,"minecraft:crafting_table":1,"minecraft:cooked_chicken":3,"minecraft:furnace":4,"minecraft:birch_planks":20,"minecraft:stone_axe":1,"minecraft:cooked_mutton":5,"minecraft:air":0,"minecraft:iron_boots":1,"minecraft:iron_chestplate":1,"minecraft:stick":8,"minecraft:iron_ingot":13,"minecraft:iron_pickaxe":1,"minecraft:stone_pickaxe":1,"minecraft:iron_leggings":1,"minecraft:white_bed":1,"minecraft:torch":12},"minecraft:custom":{"minecraft:interact_with_furnace":19,"minecraft:mob_kills":7,"minecraft:interact_with_crafting_table":15,"minecraft:play_one_minute":42608,"minecraft:leave_game":2,"minecraft:time_since_death":42608,"minecraft:sleep_in_bed":2,"minecraft:time_since_rest":14389,"minecraft:sprint_one_cm":70016,"minecraft:damage_taken":140,"minecraft:walk_one_cm":31288,"minecraft:damage_dealt":851,"minecraft:swim_one_cm":15158,"minecraft:fly_one_cm":89880,"minecraft:open_chest":3,"minecraft:crouch_one_cm":9456,"minecraft:sneak_time":3909,"minecraft:walk_under_water_one_cm":2221,"minecraft:jump":467,"minecraft:walk_on_water_one_cm":10049,"minecraft:fall_one_cm":11021},"minecraft:picked_up":{"minecraft:birch_log":5,"minecraft:crafting_table":1,"minecraft:leather":2,"minecraft:oak_log":8,"minecraft:gunpowder":2,"minecraft:dirt":4,"minecraft:beef":4,"minecraft:iron_ingot":11,"minecraft:iron_ore":37,"minecraft:sugar_cane":9,"minecraft:birch_sapling":3,"minecraft:stick":3,"minecraft:torch":2,"minecraft:gravel":14,"minecraft:diorite":16,"minecraft:white_bed":2,"minecraft:rotten_flesh":1,"minecraft:diamond":8,"minecraft:granite":18,"minecraft:oak_sapling":6,"minecraft:mutton":5,"minecraft:coal":29,"minecraft:white_wool":5,"minecraft:cobblestone":227},"minecraft:broken":{"minecraft:stone_pickaxe":1},"minecraft:mined":{"minecraft:diamond_ore":8,"minecraft:white_bed":2,"minecraft:oak_sapling":3,"minecraft:crafting_table":1,"minecraft:granite":18,"minecraft:grass_block":1,"minecraft:cobblestone":1,"minecraft:spruce_leaves":3,"minecraft:sugar_cane":3,"minecraft:diorite":16,"minecraft:wall_torch":2,"minecraft:birch_log":5,"minecraft:iron_ore":36,"minecraft:birch_leaves":3,"minecraft:oak_log":8,"minecraft:coal_ore":29,"minecraft:gravel":13,"minecraft:dirt":3,"minecraft:stone":224,"minecraft:white_wool":1,"minecraft:oak_leaves":7},"minecraft:killed":{"minecraft:creeper":1,"minecraft:sheep":3,"minecraft:zombie":1,"minecraft:cow":2},"minecraft:used":{"minecraft:cooked_mutton":2,"minecraft:stone_pickaxe":132,"minecraft:cooked_chicken":1,"minecraft:rotten_flesh":1,"minecraft:white_wool":2,"minecraft:torch":6,"minecraft:crafting_table":2,"minecraft:white_bed":2,"minecraft:birch_sapling":2,"minecraft:iron_pickaxe":218,"minecraft:stone_axe":38,"minecraft:cobblestone":1,"minecraft:beef":4,"minecraft:furnace":4}},"DataVersion":2586}