{"stats":{"minecraft:custom":{"minecraft:time_since_rest":96458,"minecraft:play_one_minute":96458,"minecraft:crouch_one_cm":1671,"minecraft:sprint_one_cm":16731,"minecraft:open_enderchest":1,"minecraft:walk_one_cm":126565,"minecraft:sneak_time":1268,"minecraft:walk_under_water_one_cm":14064,"minecraft:jump":236,"minecraft:leave_game":4,"minecraft:time_since_death":96458,"minecraft:walk_on_water_one_cm":376,"minecraft:fly_one_cm":265951},"minecraft:used":{"minecraft:birch_fence":13,"minecraft:glass":14,"minecraft:dark_oak_planks":112,"minecraft:glowstone":3,"minecraft:birch_slab":165,"minecraft:birch_planks":37,"minecraft:grass_block":183,"minecraft:dark_oak_fence":28,"minecraft:oak_planks":146,"minecraft:andesite":20,"minecraft:dark_oak_slab":110,"minecraft:ender_chest":1,"minecraft:stone":1,"minecraft:birch_stairs":162},"minecraft:picked_up":{"naruto_shippuden:shogi":2,"minecraft:apple":1}},"DataVersion":2586}