{"stats":{"minecraft:crafted":{"minecraft:cooked_beef":7,"minecraft:crafting_table":2,"minecraft:cooked_chicken":1,"minecraft:wooden_pickaxe":1,"minecraft:furnace":1,"minecraft:copper_ingot":1,"minecraft:stone_axe":2,"minecraft:air":0,"minecraft:shield":1,"minecraft:stick":12,"minecraft:iron_ingot":9,"minecraft:iron_pickaxe":1,"minecraft:stone_pickaxe":2,"minecraft:acacia_planks":48},"minecraft:mined":{"minecraft:tuff":8,"minecraft:acacia_leaves":1,"minecraft:dark_oak_log":7,"biomesoplenty:hanging_cobweb_strand":4,"minecraft:crafting_table":1,"biomesoplenty:bush":2,"minecraft:acacia_log":12,"minecraft:grass_block":6,"minecraft:cobblestone":4,"minecraft:iron_ore":10,"minecraft:andesite":1,"biomesoplenty:hanging_cobweb":3,"minecraft:grass":8,"minecraft:deepslate_iron_ore":8,"biomesoplenty:webbing":4,"minecraft:dirt":7,"biomesoplenty:spider_egg":1,"minecraft:stone":36,"minecraft:deepslate":18},"minecraft:picked_up":{"minecraft:crafting_table":2,"minecraft:feather":2,"minecraft:chicken":1,"minecraft:glow_ink_sac":1,"minecraft:andesite":1,"minecraft:leather_leggings":2,"minecraft:leather":16,"minecraft:wooden_pickaxe":1,"minecraft:enchanted_book":1,"minecraft:tuff":9,"minecraft:shield":1,"minecraft:dirt":13,"minecraft:string":4,"minecraft:name_tag":1,"minecraft:iron_shovel":2,"minecraft:acacia_planks":2,"minecraft:cobbled_deepslate":19,"minecraft:iron_ingot":4,"minecraft:beef":27,"minecraft:stone_pickaxe":5,"minecraft:iron_pickaxe":1,"biomesoplenty:hanging_cobweb":8,"minecraft:egg":1,"minecraft:raw_iron":26,"apotheosis:gem":8,"minecraft:acacia_log":12,"minecraft:porkchop":11,"minecraft:dark_oak_log":7,"minecraft:spider_eye":2,"minecraft:rotten_flesh":10,"minecraft:stone_axe":2,"minecraft:coal":3,"minecraft:cobblestone":48},"minecraft:killed_by":{"minecraft:player":1},"minecraft:broken":{"minecraft:stone_axe":1},"minecraft:custom":{"minecraft:interact_with_furnace":22,"minecraft:mob_kills":31,"minecraft:interact_with_crafting_table":12,"minecraft:damage_dealt_resisted":0,"minecraft:leave_game":1,"minecraft:time_since_death":7528,"minecraft:climb_one_cm":118,"minecraft:damage_resisted":0,"minecraft:time_since_rest":7626,"minecraft:sprint_one_cm":79413,"minecraft:damage_taken":582,"minecraft:walk_one_cm":81976,"minecraft:damage_blocked_by_shield":600,"minecraft:drop":9,"minecraft:damage_dealt":5153,"minecraft:swim_one_cm":2101,"minecraft:fly_one_cm":96532,"minecraft:open_chest":2,"minecraft:crouch_one_cm":9496,"minecraft:play_time":65365,"minecraft:deaths":1,"minecraft:sneak_time":4414,"minecraft:walk_under_water_one_cm":16532,"minecraft:jump":635,"minecraft:walk_on_water_one_cm":13749,"minecraft:total_world_time":65365,"minecraft:fall_one_cm":11182},"minecraft:dropped":{"minecraft:stone_axe":1,"minecraft:leather":13,"minecraft:golden_apple":1,"minecraft:shield":1,"minecraft:stone_pickaxe":4,"minecraft:acacia_planks":6},"minecraft:killed":{"minecraft:pig":6,"minecraft:zombie_villager":1,"minecraft:spider":1,"minecraft:zombie":7,"minecraft:chicken":2,"minecraft:cow":13},"minecraft:used":{"minecraft:water_bucket":1,"minecraft:iron_shovel":8,"minecraft:stone_pickaxe":88,"minecraft:wooden_pickaxe":3,"minecraft:shield":42,"minecraft:cooked_chicken":1,"minecraft:rotten_flesh":10,"minecraft:dirt":4,"minecraft:crafting_table":4,"minecraft:iron_pickaxe":5,"minecraft:stone_axe":115,"minecraft:cobblestone":26,"minecraft:furnace":1,"minecraft:bucket":2,"minecraft:andesite":1,"minecraft:cooked_beef":1,"minecraft:acacia_planks":11}},"DataVersion":3120}