{"stats":{"minecraft:used":{"minecraft:birch_fence":13,"minecraft:water_bucket":1,"minecraft:glass":99,"minecraft:dark_oak_planks":340,"minecraft:spruce_leaves":383,"minecraft:dark_oak_stairs":87,"minecraft:glowstone":97,"minecraft:dirt":99,"minecraft:crimson_fence":2,"minecraft:stripped_crimson_hyphae":10,"minecraft:dark_oak_log":30,"minecraft:oak_slab":28,"minecraft:birch_slab":459,"minecraft:birch_planks":269,"minecraft:grass_block":294,"minecraft:dark_oak_fence":58,"minecraft:oak_planks":146,"minecraft:andesite":25,"minecraft:crimson_slab":17,"minecraft:dark_oak_slab":482,"minecraft:ender_chest":1,"minecraft:stone":21,"minecraft:spruce_sapling":1,"minecraft:birch_stairs":379,"minecraft:crimson_stem":22},"minecraft:picked_up":{"minecraft:stick":1,"naruto_shippuden:shogi":2,"minecraft:apple":1,"minecraft:spruce_sapling":4},"minecraft:custom":{"minecraft:time_since_rest":265758,"minecraft:crouch_one_cm":8386,"minecraft:play_one_minute":265758,"minecraft:sprint_one_cm":81356,"minecraft:open_enderchest":1,"minecraft:walk_one_cm":391034,"minecraft:sneak_time":4388,"minecraft:walk_under_water_one_cm":23899,"minecraft:jump":562,"minecraft:leave_game":5,"minecraft:walk_on_water_one_cm":35910,"minecraft:time_since_death":265758,"minecraft:swim_one_cm":5546,"minecraft:fly_one_cm":1449400}},"DataVersion":2586}