{"stats":{"minecraft:custom":{"minecraft:time_since_rest":174458,"minecraft:play_one_minute":174458,"minecraft:crouch_one_cm":3901,"minecraft:sprint_one_cm":54158,"minecraft:open_enderchest":1,"minecraft:walk_one_cm":255217,"minecraft:sneak_time":2759,"minecraft:walk_under_water_one_cm":19650,"minecraft:jump":389,"minecraft:leave_game":4,"minecraft:time_since_death":174458,"minecraft:walk_on_water_one_cm":12988,"minecraft:swim_one_cm":937,"minecraft:fly_one_cm":866433},"minecraft:used":{"minecraft:birch_fence":13,"minecraft:dark_oak_stairs":87,"minecraft:glass":99,"minecraft:spruce_leaves":367,"minecraft:dark_oak_planks":340,"minecraft:glowstone":97,"minecraft:birch_slab":245,"minecraft:birch_planks":121,"minecraft:grass_block":192,"minecraft:dark_oak_fence":28,"minecraft:oak_planks":146,"minecraft:andesite":20,"minecraft:dark_oak_slab":350,"minecraft:ender_chest":1,"minecraft:stone":1,"minecraft:birch_stairs":330},"minecraft:picked_up":{"naruto_shippuden:shogi":2,"minecraft:apple":1}},"DataVersion":2586}