{"stats":{"minecraft:custom":{"minecraft:jump":149,"minecraft:time_since_rest":13853,"minecraft:damage_dealt":38,"minecraft:damage_taken":220,"minecraft:play_one_minute":13853,"minecraft:crouch_one_cm":17,"minecraft:leave_game":4,"minecraft:sprint_one_cm":12157,"minecraft:time_since_death":13853,"minecraft:walk_on_water_one_cm":1192,"minecraft:walk_one_cm":8470,"minecraft:sneak_time":27,"minecraft:mob_kills":1,"minecraft:fall_one_cm":4117,"minecraft:fly_one_cm":23153},"minecraft:used":{"naruto_shippuden:christmas_ichiraku_ramen":1},"minecraft:picked_up":{"minecraft:dirt":1},"minecraft:mined":{"minecraft:grass":1,"minecraft:grass_block":1}},"DataVersion":2586}