{"stats":{"minecraft:used":{"minecraft:birch_fence":13,"minecraft:water_bucket":1,"minecraft:glass":99,"minecraft:dark_oak_planks":340,"minecraft:spruce_leaves":383,"minecraft:dark_oak_stairs":87,"minecraft:glowstone":97,"minecraft:dirt":99,"minecraft:dark_oak_log":30,"minecraft:oak_slab":28,"minecraft:birch_slab":452,"minecraft:birch_planks":269,"minecraft:grass_block":262,"minecraft:dark_oak_fence":54,"minecraft:oak_planks":146,"minecraft:andesite":25,"minecraft:dark_oak_slab":482,"minecraft:ender_chest":1,"minecraft:stone":21,"minecraft:spruce_sapling":1,"minecraft:birch_stairs":379},"minecraft:picked_up":{"minecraft:stick":1,"naruto_shippuden:shogi":2,"minecraft:apple":1,"minecraft:spruce_sapling":4},"minecraft:custom":{"minecraft:time_since_rest":253758,"minecraft:crouch_one_cm":8096,"minecraft:play_one_minute":253758,"minecraft:sprint_one_cm":78259,"minecraft:open_enderchest":1,"minecraft:walk_one_cm":374946,"minecraft:sneak_time":4287,"minecraft:walk_under_water_one_cm":23899,"minecraft:jump":542,"minecraft:leave_game":5,"minecraft:walk_on_water_one_cm":35581,"minecraft:time_since_death":253758,"minecraft:swim_one_cm":5546,"minecraft:fly_one_cm":1408815}},"DataVersion":2586}