{"stats":{"minecraft:custom":{"minecraft:jump":116,"minecraft:time_since_rest":13140,"minecraft:crouch_one_cm":17,"minecraft:damage_dealt":38,"minecraft:play_one_minute":13140,"minecraft:damage_taken":220,"minecraft:leave_game":3,"minecraft:sprint_one_cm":10806,"minecraft:walk_on_water_one_cm":1192,"minecraft:time_since_death":13140,"minecraft:walk_one_cm":7801,"minecraft:sneak_time":27,"minecraft:mob_kills":1,"minecraft:fall_one_cm":3908,"minecraft:fly_one_cm":20732},"minecraft:used":{"naruto_shippuden:christmas_ichiraku_ramen":1},"minecraft:picked_up":{"minecraft:dirt":1},"minecraft:mined":{"minecraft:grass":1,"minecraft:grass_block":1}},"DataVersion":2586}