{"stats":{"minecraft:custom":{"minecraft:jump":45,"minecraft:time_since_rest":24458,"minecraft:crouch_one_cm":64,"minecraft:play_one_minute":24458,"minecraft:walk_on_water_one_cm":376,"minecraft:leave_game":4,"minecraft:sprint_one_cm":3734,"minecraft:open_enderchest":1,"minecraft:time_since_death":24458,"minecraft:walk_one_cm":36893,"minecraft:sneak_time":177,"minecraft:walk_under_water_one_cm":14064,"minecraft:fly_one_cm":71532},"minecraft:used":{"minecraft:andesite":16,"minecraft:ender_chest":1,"minecraft:stone":1,"minecraft:birch_planks":1,"minecraft:grass_block":183},"minecraft:picked_up":{"naruto_shippuden:shogi":2}},"DataVersion":2586}