{"stats":{"minecraft:custom":{"minecraft:time_since_rest":132458,"minecraft:play_one_minute":132458,"minecraft:crouch_one_cm":2041,"minecraft:sprint_one_cm":40909,"minecraft:open_enderchest":1,"minecraft:walk_one_cm":204136,"minecraft:sneak_time":1720,"minecraft:walk_under_water_one_cm":14064,"minecraft:jump":306,"minecraft:leave_game":4,"minecraft:time_since_death":132458,"minecraft:walk_on_water_one_cm":733,"minecraft:fly_one_cm":478390},"minecraft:used":{"minecraft:birch_fence":13,"minecraft:dark_oak_stairs":6,"minecraft:glass":99,"minecraft:spruce_leaves":366,"minecraft:dark_oak_planks":250,"minecraft:glowstone":6,"minecraft:birch_slab":241,"minecraft:birch_planks":37,"minecraft:grass_block":192,"minecraft:dark_oak_fence":28,"minecraft:oak_planks":146,"minecraft:andesite":20,"minecraft:dark_oak_slab":176,"minecraft:ender_chest":1,"minecraft:stone":1,"minecraft:birch_stairs":183},"minecraft:picked_up":{"naruto_shippuden:shogi":2,"minecraft:apple":1}},"DataVersion":2586}