{"stats":{"minecraft:custom":{"minecraft:jump":146,"minecraft:time_since_rest":60458,"minecraft:crouch_one_cm":174,"minecraft:play_one_minute":60458,"minecraft:walk_on_water_one_cm":376,"minecraft:leave_game":4,"minecraft:sprint_one_cm":8766,"minecraft:open_enderchest":1,"minecraft:time_since_death":60458,"minecraft:walk_one_cm":61504,"minecraft:sneak_time":292,"minecraft:walk_under_water_one_cm":14064,"minecraft:fly_one_cm":145969},"minecraft:used":{"minecraft:glass":9,"minecraft:oak_planks":94,"minecraft:andesite":18,"minecraft:ender_chest":1,"minecraft:stone":1,"minecraft:birch_stairs":63,"minecraft:birch_planks":5,"minecraft:birch_fence":4,"minecraft:grass_block":183},"minecraft:picked_up":{"naruto_shippuden:shogi":2,"minecraft:apple":1}},"DataVersion":2586}