{"stats":{"minecraft:crafted":{"minecraft:cooked_beef":1,"minecraft:crafting_table":2,"minecraft:cooked_chicken":1,"minecraft:wooden_pickaxe":1,"minecraft:furnace":1,"minecraft:stone_axe":2,"minecraft:air":0,"minecraft:shield":1,"minecraft:stick":12,"minecraft:iron_ingot":8,"minecraft:iron_pickaxe":1,"minecraft:stone_pickaxe":2,"minecraft:acacia_planks":48},"minecraft:mined":{"minecraft:tuff":8,"minecraft:acacia_leaves":1,"biomesoplenty:hanging_cobweb_strand":4,"minecraft:crafting_table":1,"minecraft:acacia_log":12,"minecraft:grass_block":3,"minecraft:cobblestone":4,"minecraft:iron_ore":10,"minecraft:andesite":1,"biomesoplenty:hanging_cobweb":3,"minecraft:grass":5,"minecraft:deepslate_iron_ore":8,"biomesoplenty:webbing":4,"minecraft:dirt":1,"biomesoplenty:spider_egg":1,"minecraft:stone":34,"minecraft:deepslate":18},"minecraft:picked_up":{"minecraft:crafting_table":2,"minecraft:feather":1,"minecraft:chicken":1,"minecraft:glow_ink_sac":1,"minecraft:andesite":1,"minecraft:leather_leggings":1,"minecraft:leather":3,"minecraft:tuff":9,"minecraft:dirt":4,"minecraft:string":2,"minecraft:iron_shovel":1,"minecraft:acacia_planks":2,"minecraft:cobbled_deepslate":19,"minecraft:beef":4,"minecraft:stone_pickaxe":4,"biomesoplenty:hanging_cobweb":4,"minecraft:egg":1,"minecraft:raw_iron":18,"apotheosis:gem":1,"minecraft:acacia_log":12,"minecraft:spider_eye":1,"minecraft:rotten_flesh":10,"minecraft:stone_axe":1,"minecraft:cobblestone":41},"minecraft:broken":{"minecraft:stone_axe":1},"minecraft:custom":{"minecraft:interact_with_furnace":11,"minecraft:mob_kills":14,"minecraft:interact_with_crafting_table":11,"minecraft:damage_dealt_resisted":0,"minecraft:leave_game":1,"minecraft:time_since_death":53365,"minecraft:climb_one_cm":118,"minecraft:damage_resisted":0,"minecraft:time_since_rest":53365,"minecraft:sprint_one_cm":57804,"minecraft:damage_taken":521,"minecraft:walk_one_cm":71056,"minecraft:damage_blocked_by_shield":600,"minecraft:drop":8,"minecraft:damage_dealt":3476,"minecraft:swim_one_cm":2101,"minecraft:fly_one_cm":73563,"minecraft:open_chest":2,"minecraft:crouch_one_cm":9160,"minecraft:play_time":53365,"minecraft:sneak_time":4366,"minecraft:walk_under_water_one_cm":16532,"minecraft:jump":514,"minecraft:walk_on_water_one_cm":13749,"minecraft:total_world_time":53365,"minecraft:fall_one_cm":8347},"minecraft:dropped":{"minecraft:stone_axe":1,"minecraft:golden_apple":1,"minecraft:shield":1,"minecraft:stone_pickaxe":4,"minecraft:acacia_planks":6},"minecraft:killed":{"minecraft:zombie_villager":1,"minecraft:spider":1,"minecraft:zombie":7,"minecraft:chicken":1,"minecraft:cow":3},"minecraft:used":{"minecraft:water_bucket":1,"minecraft:iron_shovel":8,"minecraft:stone_pickaxe":77,"minecraft:wooden_pickaxe":3,"minecraft:shield":42,"minecraft:cooked_chicken":1,"minecraft:rotten_flesh":10,"minecraft:dirt":4,"minecraft:crafting_table":4,"minecraft:iron_pickaxe":5,"minecraft:stone_axe":80,"minecraft:cobblestone":26,"minecraft:furnace":1,"minecraft:bucket":2,"minecraft:andesite":1,"minecraft:cooked_beef":1,"minecraft:acacia_planks":11}},"DataVersion":3120}