{"stats":{"minecraft:used":{"minecraft:birch_fence":13,"minecraft:crimson_stem":22,"minecraft:netherite_sword":11,"minecraft:glass":99,"minecraft:dark_oak_stairs":87,"minecraft:dark_oak_planks":360,"minecraft:water_bucket":1,"minecraft:jack_o_lantern":6,"minecraft:crimson_fence":2,"minecraft:dark_oak_log":30,"minecraft:birch_slab":459,"minecraft:birch_planks":269,"minecraft:grass_block":295,"minecraft:oak_planks":146,"minecraft:crimson_slab":17,"minecraft:blue_wool":100,"minecraft:stone":21,"minecraft:ender_chest":1,"minecraft:dark_oak_slab":544,"minecraft:smooth_quartz":1,"minecraft:spruce_sapling":1,"minecraft:yellow_wool":65,"minecraft:spruce_leaves":383,"minecraft:glowstone":97,"minecraft:dirt":99,"minecraft:stripped_crimson_hyphae":10,"minecraft:oak_slab":28,"minecraft:dark_oak_fence":111,"minecraft:andesite":25,"minecraft:birch_stairs":379},"minecraft:killed":{"minecraft:trader_llama":2,"minecraft:wandering_trader":1},"minecraft:picked_up":{"minecraft:stick":1,"naruto_shippuden:shogi":2,"naruto_shippuden:level_plus_1":3,"minecraft:leather":1,"minecraft:lead":2,"minecraft:spruce_sapling":4,"minecraft:apple":1},"minecraft:custom":{"minecraft:time_since_rest":277758,"minecraft:open_enderchest":1,"minecraft:sprint_one_cm":85990,"minecraft:walk_one_cm":426957,"minecraft:mob_kills":3,"minecraft:damage_dealt":1240,"minecraft:swim_one_cm":5546,"minecraft:fly_one_cm":1505120,"minecraft:play_one_minute":277758,"minecraft:crouch_one_cm":8896,"minecraft:sneak_time":4543,"minecraft:walk_under_water_one_cm":23899,"minecraft:jump":599,"minecraft:leave_game":5,"minecraft:time_since_death":277758,"minecraft:walk_on_water_one_cm":36122}},"DataVersion":2586}