{"stats":{"minecraft:picked_up":{"minecraft:stick":1,"naruto_shippuden:shogi":2,"naruto_shippuden:level_plus_1":15376,"minecraft:leather":1,"minecraft:lead":2,"minecraft:spruce_sapling":4,"naruto_shippuden:rinnegan_release_3":1,"minecraft:apple":1,"naruto_shippuden:rinnegan_release":1,"minecraft:wheat_seeds":1},"minecraft:custom":{"minecraft:time_since_rest":42982,"minecraft:sprint_one_cm":213692,"minecraft:open_enderchest":1,"minecraft:damage_taken":564,"minecraft:walk_one_cm":882612,"minecraft:mob_kills":3,"minecraft:damage_dealt":1270,"minecraft:swim_one_cm":7114,"minecraft:fly_one_cm":4219600,"minecraft:play_one_minute":700689,"minecraft:crouch_one_cm":20039,"minecraft:deaths":2,"minecraft:sneak_time":9383,"minecraft:walk_under_water_one_cm":46487,"minecraft:jump":1479,"minecraft:leave_game":13,"minecraft:walk_on_water_one_cm":52779,"minecraft:time_since_death":42951,"minecraft:fall_one_cm":209},"minecraft:killed_by":{"minecraft:player":2},"minecraft:killed":{"minecraft:trader_llama":2,"minecraft:wandering_trader":1},"minecraft:used":{"minecraft:birch_fence":13,"minecraft:crimson_stem":22,"minecraft:oak_log":1,"minecraft:black_terracotta":38,"minecraft:glass":221,"minecraft:water_bucket":8,"minecraft:dark_oak_stairs":87,"cfm:dark_oak_kitchen_counter":26,"cfm:black_sofa":35,"minecraft:cobblestone_stairs":42,"minecraft:crimson_fence":2,"minecraft:quartz_pillar":389,"minecraft:dark_oak_log":30,"minecraft:birch_planks":312,"minecraft:birch_slab":459,"minecraft:lantern":4,"minecraft:grass_block":326,"minecraft:red_stained_glass":65,"cfm:stripped_oak_desk":26,"cfm:stripped_dark_oak_table":12,"minecraft:oak_planks":146,"minecraft:crimson_slab":17,"minecraft:blue_wool":100,"cfm:jungle_crate":15,"minecraft:white_concrete_powder":4,"minecraft:chest":18,"minecraft:ender_chest":1,"minecraft:stone":69,"minecraft:dark_oak_slab":843,"minecraft:smooth_quartz":1,"minecraft:gravel":298,"minecraft:spruce_sapling":1,"minecraft:grass":56,"cfm:stripped_dark_oak_chair":27,"customnpcs:npcwand":48,"minecraft:stone_bricks":77,"minecraft:yellow_wool":65,"minecraft:smooth_quartz_stairs":3,"minecraft:spruce_leaves":383,"minecraft:glowstone":147,"minecraft:dirt":108,"cfm:birch_park_bench":7,"minecraft:stripped_dark_oak_log":33,"minecraft:black_stained_glass":287,"minecraft:infested_cracked_stone_bricks":40,"minecraft:stripped_crimson_hyphae":10,"minecraft:oak_slab":28,"minecraft:oak_sapling":3,"minecraft:dark_oak_fence":252,"cfm:dark_oak_coffee_table":2,"minecraft:andesite":25,"minecraft:white_concrete":166,"minecraft:painting":1,"customnpcs:npcmobcloner":1,"minecraft:bone_meal":138,"minecraft:iron_bars":5,"minecraft:netherite_sword":11,"minecraft:birch_stairs":379,"minecraft:jack_o_lantern":6,"minecraft:dark_oak_planks":1009}},"DataVersion":2586}