{"stats":{"minecraft:crafted":{"minecraft:crafting_table":1,"minecraft:stick":4,"minecraft:stone_pickaxe":1,"minecraft:furnace":1,"minecraft:birch_planks":20,"minecraft:stone_axe":1},"minecraft:custom":{"minecraft:time_since_rest":16623,"minecraft:interact_with_furnace":1,"minecraft:sprint_one_cm":42968,"minecraft:damage_taken":120,"minecraft:walk_one_cm":9758,"minecraft:mob_kills":6,"minecraft:damage_dealt":632,"minecraft:swim_one_cm":14093,"minecraft:interact_with_crafting_table":3,"minecraft:fly_one_cm":66109,"minecraft:open_chest":1,"minecraft:crouch_one_cm":4,"minecraft:play_one_minute":16623,"minecraft:sneak_time":251,"minecraft:walk_under_water_one_cm":551,"minecraft:jump":310,"minecraft:leave_game":1,"minecraft:time_since_death":16623,"minecraft:walk_on_water_one_cm":4037,"minecraft:fall_one_cm":8656},"minecraft:picked_up":{"minecraft:birch_log":5,"minecraft:stick":2,"minecraft:crafting_table":1,"minecraft:leather":2,"minecraft:rotten_flesh":1,"minecraft:beef":4,"minecraft:sugar_cane":9,"minecraft:birch_sapling":3,"minecraft:mutton":5,"minecraft:white_wool":3},"minecraft:mined":{"minecraft:birch_log":5,"minecraft:birch_leaves":3,"minecraft:crafting_table":1,"minecraft:spruce_leaves":3,"minecraft:sugar_cane":3},"minecraft:killed":{"minecraft:sheep":3,"minecraft:zombie":1,"minecraft:cow":2},"minecraft:used":{"minecraft:birch_sapling":2,"minecraft:rotten_flesh":1,"minecraft:stone_axe":16,"minecraft:beef":2,"minecraft:crafting_table":1,"minecraft:furnace":1}},"DataVersion":2586}