{"stats":{"minecraft:custom":{"minecraft:jump":29,"minecraft:open_chest":1,"minecraft:time_since_rest":4623,"minecraft:crouch_one_cm":4,"minecraft:play_one_minute":4623,"minecraft:leave_game":1,"minecraft:sprint_one_cm":4631,"minecraft:time_since_death":4623,"minecraft:walk_on_water_one_cm":174,"minecraft:walk_one_cm":2479,"minecraft:sneak_time":242,"minecraft:fall_one_cm":836,"minecraft:fly_one_cm":7210},"minecraft:picked_up":{"minecraft:birch_log":2},"minecraft:mined":{"minecraft:birch_leaves":3,"minecraft:birch_log":4}},"DataVersion":2586}