{"stats":{"minecraft:picked_up":{"minecraft:dirt":1},"minecraft:used":{"minecraft:dirt":1},"minecraft:mined":{"minecraft:grass_block":1},"minecraft:custom":{"minecraft:jump":175,"minecraft:time_since_rest":13734,"minecraft:damage_dealt":40,"minecraft:damage_taken":120,"minecraft:play_one_minute":13734,"minecraft:leave_game":3,"minecraft:sprint_one_cm":20926,"minecraft:time_since_death":13734,"minecraft:walk_on_water_one_cm":1460,"minecraft:walk_one_cm":4992,"minecraft:sneak_time":12,"minecraft:walk_under_water_one_cm":481,"minecraft:fall_one_cm":952,"minecraft:fly_one_cm":117232}},"DataVersion":2586}