{"stats":{"minecraft:crafted":{"minecraft:cooked_beef":7,"minecraft:oak_planks":32,"minecraft:iron_chestplate":1,"minecraft:crafting_table":1,"minecraft:stick":8,"minecraft:iron_pickaxe":1,"minecraft:iron_ingot":13,"minecraft:cooked_chicken":3,"minecraft:stone_pickaxe":1,"minecraft:furnace":4,"minecraft:white_bed":1,"minecraft:torch":12,"minecraft:birch_planks":20,"minecraft:stone_axe":1,"minecraft:air":0,"minecraft:cooked_mutton":5},"minecraft:custom":{"minecraft:time_since_rest":6404,"minecraft:interact_with_furnace":17,"minecraft:sprint_one_cm":64003,"minecraft:damage_taken":140,"minecraft:walk_one_cm":26559,"minecraft:mob_kills":6,"minecraft:damage_dealt":651,"minecraft:swim_one_cm":15158,"minecraft:interact_with_crafting_table":15,"minecraft:fly_one_cm":87570,"minecraft:open_chest":3,"minecraft:crouch_one_cm":8076,"minecraft:play_one_minute":34623,"minecraft:sneak_time":3181,"minecraft:walk_under_water_one_cm":2221,"minecraft:jump":432,"minecraft:leave_game":1,"minecraft:time_since_death":34623,"minecraft:walk_on_water_one_cm":10049,"minecraft:sleep_in_bed":2,"minecraft:fall_one_cm":11021},"minecraft:picked_up":{"minecraft:birch_log":5,"minecraft:stick":3,"minecraft:crafting_table":1,"minecraft:leather":2,"minecraft:torch":2,"minecraft:gravel":11,"minecraft:oak_log":8,"minecraft:diorite":16,"minecraft:white_bed":2,"minecraft:dirt":4,"minecraft:rotten_flesh":1,"minecraft:diamond":8,"minecraft:iron_ingot":11,"minecraft:beef":4,"minecraft:granite":18,"minecraft:iron_ore":26,"minecraft:coal":29,"minecraft:oak_sapling":6,"minecraft:sugar_cane":9,"minecraft:birch_sapling":3,"minecraft:mutton":5,"minecraft:white_wool":5,"minecraft:cobblestone":194},"minecraft:mined":{"minecraft:diamond_ore":8,"minecraft:white_bed":2,"minecraft:oak_sapling":3,"minecraft:iron_ore":25,"minecraft:birch_log":5,"minecraft:birch_leaves":3,"minecraft:crafting_table":1,"minecraft:granite":18,"minecraft:grass_block":1,"minecraft:coal_ore":29,"minecraft:oak_log":8,"minecraft:gravel":10,"minecraft:dirt":3,"minecraft:wall_torch":1,"minecraft:spruce_leaves":3,"minecraft:stone":192,"minecraft:diorite":16,"minecraft:white_wool":1,"minecraft:sugar_cane":3,"minecraft:oak_leaves":7},"minecraft:killed":{"minecraft:sheep":3,"minecraft:zombie":1,"minecraft:cow":2},"minecraft:used":{"minecraft:cooked_mutton":2,"minecraft:stone_pickaxe":114,"minecraft:birch_sapling":2,"minecraft:iron_pickaxe":188,"minecraft:cooked_chicken":1,"minecraft:rotten_flesh":1,"minecraft:torch":1,"minecraft:stone_axe":35,"minecraft:white_wool":2,"minecraft:beef":4,"minecraft:crafting_table":2,"minecraft:furnace":4,"minecraft:white_bed":2}},"DataVersion":2586}