{"stats":{"minecraft:used":{"minecraft:birch_fence":13,"minecraft:water_bucket":1,"minecraft:glass":99,"minecraft:dark_oak_planks":340,"minecraft:spruce_leaves":383,"minecraft:dark_oak_stairs":87,"minecraft:glowstone":97,"minecraft:dirt":3,"minecraft:oak_slab":28,"minecraft:birch_slab":299,"minecraft:birch_planks":269,"minecraft:grass_block":262,"minecraft:dark_oak_fence":46,"minecraft:oak_planks":146,"minecraft:andesite":25,"minecraft:dark_oak_slab":470,"minecraft:ender_chest":1,"minecraft:stone":21,"minecraft:spruce_sapling":1,"minecraft:birch_stairs":367},"minecraft:picked_up":{"minecraft:stick":1,"naruto_shippuden:shogi":2,"minecraft:apple":1,"minecraft:spruce_sapling":4},"minecraft:custom":{"minecraft:time_since_rest":241758,"minecraft:crouch_one_cm":7319,"minecraft:play_one_minute":241758,"minecraft:sprint_one_cm":75640,"minecraft:open_enderchest":1,"minecraft:walk_one_cm":345688,"minecraft:sneak_time":4073,"minecraft:walk_under_water_one_cm":23899,"minecraft:jump":505,"minecraft:leave_game":5,"minecraft:walk_on_water_one_cm":34962,"minecraft:time_since_death":241758,"minecraft:swim_one_cm":5546,"minecraft:fly_one_cm":1288313}},"DataVersion":2586}