{"stats":{"minecraft:dropped":{"minecraft:stone_axe":1,"biomesoplenty:hanging_cobweb":4,"minecraft:feather":1,"minecraft:leather":13,"minecraft:golden_apple":1,"minecraft:shield":1,"apotheosis:gem":3,"minecraft:spider_eye":3,"minecraft:wooden_pickaxe":1,"minecraft:stone_pickaxe":4,"minecraft:iron_pickaxe":1,"minecraft:string":2,"minecraft:acacia_planks":6},"minecraft:killed_by":{"minecraft:player":1},"minecraft:used":{"minecraft:water_bucket":1,"minecraft:iron_shovel":8,"minecraft:stone_pickaxe":92,"minecraft:shield":59,"minecraft:wooden_pickaxe":3,"minecraft:cooked_chicken":1,"minecraft:rotten_flesh":10,"minecraft:torch":31,"minecraft:dirt":4,"minecraft:crafting_table":6,"minecraft:iron_axe":2,"minecraft:iron_pickaxe":157,"minecraft:stone_axe":144,"minecraft:cobblestone":37,"minecraft:chainmail_boots":1,"minecraft:furnace":3,"minecraft:bucket":2,"minecraft:andesite":1,"elden_ring_weapons_pack:graftedsword":20,"minecraft:cooked_beef":10,"minecraft:acacia_planks":11},"minecraft:mined":{"minecraft:tuff":8,"minecraft:acacia_leaves":1,"iceandfire:silver_ore":6,"minecraft:dark_oak_log":7,"biomesoplenty:hanging_cobweb_strand":4,"minecraft:crafting_table":2,"biomesoplenty:bush":2,"minecraft:acacia_log":12,"minecraft:grass_block":6,"minecraft:cobblestone":7,"minecraft:furnace":2,"minecraft:iron_ore":65,"minecraft:andesite":1,"minecraft:deepslate_lapis_ore":5,"biomesoplenty:hanging_cobweb":4,"minecraft:grass":8,"minecraft:oak_log":2,"minecraft:coal_ore":21,"minecraft:deepslate_iron_ore":24,"biomesoplenty:webbing":4,"minecraft:dripstone_block":1,"minecraft:dirt":7,"biomesoplenty:spider_egg":1,"minecraft:stone":76,"minecraft:deepslate":24},"minecraft:picked_up":{"minecraft:chainmail_boots":1,"minecraft:crafting_table":3,"minecraft:cooked_beef":17,"minecraft:feather":2,"minecraft:chicken":1,"minecraft:glow_ink_sac":1,"minecraft:andesite":1,"minecraft:leather_leggings":2,"minecraft:leather":16,"minecraft:lead":1,"minecraft:wooden_pickaxe":1,"minecraft:enchanted_book":1,"minecraft:tuff":9,"minecraft:oak_log":2,"minecraft:shield":1,"minecraft:lapis_lazuli":25,"minecraft:dirt":14,"minecraft:string":10,"minecraft:name_tag":1,"minecraft:iron_shovel":2,"minecraft:acacia_planks":2,"minecraft:bow":1,"minecraft:cobbled_deepslate":24,"minecraft:iron_ingot":4,"minecraft:beef":27,"minecraft:stone_pickaxe":5,"minecraft:iron_pickaxe":1,"biomesoplenty:hanging_cobweb":8,"minecraft:furnace":2,"minecraft:egg":1,"minecraft:raw_iron":97,"apotheosis:gem":27,"minecraft:dripstone_block":1,"minecraft:torch":1,"minecraft:acacia_log":12,"iceandfire:silver_ore":6,"sophisticatedbackpacks:backpack":1,"minecraft:porkchop":11,"minecraft:dark_oak_log":7,"minecraft:spider_eye":8,"minecraft:arrow":5,"minecraft:rotten_flesh":12,"minecraft:stone_axe":2,"minecraft:coal":34,"minecraft:cobblestone":90},"minecraft:crafted":{"minecraft:cooked_beef":12,"elden_ring_weapons_pack:graftedsword":1,"minecraft:iron_nugget":9,"minecraft:crafting_table":3,"minecraft:iron_helmet":1,"minecraft:wooden_pickaxe":1,"minecraft:cooked_chicken":1,"minecraft:iron_sword":6,"minecraft:furnace":3,"minecraft:copper_ingot":2,"minecraft:stone_axe":2,"minecraft:heavy_weighted_pressure_plate":1,"minecraft:air":0,"minecraft:iron_boots":1,"minecraft:iron_chestplate":1,"minecraft:shield":1,"minecraft:iron_axe":1,"minecraft:stick":40,"minecraft:iron_ingot":73,"minecraft:iron_pickaxe":2,"minecraft:stone_pickaxe":2,"minecraft:iron_block":3,"minecraft:acacia_planks":48,"minecraft:dark_oak_planks":28,"minecraft:torch":60},"minecraft:killed":{"minecraft:cave_spider":4,"minecraft:pig":6,"minecraft:zombie_villager":1,"minecraft:spider":3,"minecraft:skeleton":6,"minecraft:zombie":9,"minecraft:chicken":2,"minecraft:cow":13},"minecraft:custom":{"minecraft:interact_with_furnace":47,"minecraft:mob_kills":47,"minecraft:interact_with_crafting_table":30,"minecraft:damage_dealt_resisted":0,"minecraft:leave_game":2,"minecraft:time_since_death":44780,"minecraft:climb_one_cm":118,"minecraft:damage_resisted":0,"minecraft:time_since_rest":44878,"minecraft:sprint_one_cm":152243,"minecraft:damage_taken":1468,"minecraft:walk_one_cm":151164,"minecraft:damage_blocked_by_shield":1505,"minecraft:drop":17,"minecraft:damage_dealt":7666,"minecraft:swim_one_cm":4571,"minecraft:talked_to_villager":1,"minecraft:fly_one_cm":158327,"minecraft:open_chest":2,"minecraft:crouch_one_cm":11522,"minecraft:play_time":102617,"minecraft:deaths":1,"minecraft:sneak_time":4903,"minecraft:walk_under_water_one_cm":16576,"minecraft:jump":971,"minecraft:walk_on_water_one_cm":15197,"minecraft:total_world_time":102617,"minecraft:fall_one_cm":22101},"minecraft:broken":{"minecraft:stone_axe":2}},"DataVersion":3120}