{"stats":{"minecraft:custom":{"minecraft:time_since_rest":72458,"minecraft:play_one_minute":72458,"minecraft:crouch_one_cm":560,"minecraft:sprint_one_cm":8766,"minecraft:open_enderchest":1,"minecraft:walk_one_cm":81457,"minecraft:sneak_time":500,"minecraft:walk_under_water_one_cm":14064,"minecraft:jump":173,"minecraft:leave_game":4,"minecraft:time_since_death":72458,"minecraft:walk_on_water_one_cm":376,"minecraft:fly_one_cm":183515},"minecraft:used":{"minecraft:birch_fence":13,"minecraft:glass":14,"minecraft:dark_oak_planks":42,"minecraft:glowstone":2,"minecraft:birch_planks":8,"minecraft:grass_block":183,"minecraft:oak_planks":146,"minecraft:andesite":18,"minecraft:dark_oak_slab":12,"minecraft:ender_chest":1,"minecraft:stone":1,"minecraft:birch_stairs":89},"minecraft:picked_up":{"naruto_shippuden:shogi":2,"minecraft:apple":1}},"DataVersion":2586}