{"stats":{"minecraft:custom":{"minecraft:jump":77,"minecraft:time_since_rest":36458,"minecraft:crouch_one_cm":64,"minecraft:play_one_minute":36458,"minecraft:walk_on_water_one_cm":376,"minecraft:leave_game":4,"minecraft:sprint_one_cm":7443,"minecraft:open_enderchest":1,"minecraft:time_since_death":36458,"minecraft:walk_one_cm":47097,"minecraft:sneak_time":177,"minecraft:walk_under_water_one_cm":14064,"minecraft:fly_one_cm":109815},"minecraft:used":{"minecraft:oak_planks":39,"minecraft:andesite":17,"minecraft:ender_chest":1,"minecraft:stone":1,"minecraft:birch_planks":5,"minecraft:grass_block":183},"minecraft:picked_up":{"naruto_shippuden:shogi":2,"minecraft:apple":1}},"DataVersion":2586}