{"stats":{"minecraft:used":{"minecraft:birch_fence":13,"minecraft:crimson_stem":22,"minecraft:netherite_sword":11,"minecraft:black_terracotta":38,"minecraft:glass":221,"minecraft:dark_oak_planks":513,"minecraft:dark_oak_stairs":87,"minecraft:water_bucket":1,"minecraft:jack_o_lantern":6,"minecraft:quartz_pillar":389,"minecraft:crimson_fence":2,"minecraft:dark_oak_log":30,"minecraft:birch_slab":459,"minecraft:birch_planks":269,"minecraft:grass_block":300,"minecraft:oak_planks":146,"minecraft:crimson_slab":17,"minecraft:blue_wool":100,"minecraft:white_concrete_powder":4,"minecraft:stone":21,"minecraft:ender_chest":1,"minecraft:dark_oak_slab":544,"minecraft:smooth_quartz":1,"minecraft:spruce_sapling":1,"minecraft:gravel":168,"minecraft:stone_bricks":11,"minecraft:yellow_wool":65,"minecraft:smooth_quartz_stairs":3,"minecraft:spruce_leaves":383,"minecraft:glowstone":97,"minecraft:dirt":100,"minecraft:black_stained_glass":39,"minecraft:stripped_crimson_hyphae":10,"minecraft:oak_slab":28,"minecraft:dark_oak_fence":121,"minecraft:andesite":25,"minecraft:white_concrete":166,"minecraft:painting":1,"customnpcs:npcmobcloner":1,"minecraft:birch_stairs":379},"minecraft:killed":{"minecraft:trader_llama":2,"minecraft:wandering_trader":1},"minecraft:picked_up":{"minecraft:stick":1,"naruto_shippuden:shogi":2,"naruto_shippuden:level_plus_1":3,"minecraft:leather":1,"minecraft:lead":2,"minecraft:spruce_sapling":4,"minecraft:apple":1},"minecraft:custom":{"minecraft:time_since_rest":323168,"minecraft:open_enderchest":1,"minecraft:sprint_one_cm":118535,"minecraft:walk_one_cm":564681,"minecraft:mob_kills":3,"minecraft:damage_dealt":1240,"minecraft:swim_one_cm":5546,"minecraft:fly_one_cm":1843028,"minecraft:play_one_minute":323168,"minecraft:crouch_one_cm":11224,"minecraft:sneak_time":5538,"minecraft:walk_under_water_one_cm":23899,"minecraft:jump":763,"minecraft:leave_game":6,"minecraft:time_since_death":323168,"minecraft:walk_on_water_one_cm":37756}},"DataVersion":2586}