{"stats":{"minecraft:used":{"fishyhard_fhcore:bonsai":1,"farmersdelight:onion_crate":4,"minecraft:dark_oak_stairs":435,"minecraft:mossy_stone_bricks":44,"minecraft:water_bucket":8,"minecraft:blue_terracotta":856,"minecraft:birch_planks":5,"minecraft:oak_planks":17,"minecraft:black_carpet":15,"farmersdelight:stove":8,"minecraft:chest":1,"minecraft:ender_chest":1,"minecraft:stone":20,"minecraft:red_nether_brick_stairs":1,"customnpcs:npcwand":1,"minecraft:green_terracotta":418,"minecraft:stripped_crimson_stem":8,"minecraft:cracked_stone_bricks":53,"minecraft:spruce_leaves":1,"minecraft:dark_oak_trapdoor":2,"minecraft:sand":1,"minecraft:dirt":21,"minecraft:lime_terracotta":64,"minecraft:terracotta":73,"minecraft:stripped_dark_oak_log":185,"minecraft:yellow_terracotta":314,"minecraft:infested_chiseled_stone_bricks":11,"fishyhard_fhcore:japanese_tea_pot":1,"farmersdelight:tatami":2,"minecraft:painting":3,"minecraft:spruce_fence":107,"minecraft:granite":65,"minecraft:warped_planks":1,"minecraft:nether_brick_stairs":1,"minecraft:dark_oak_door":14,"minecraft:black_terracotta":250,"minecraft:glass":66,"minecraft:gray_terracotta":327,"minecraft:stone_brick_slab":7,"minecraft:dark_oak_planks":81,"farmersdelight:oak_pantry":4,"minecraft:bookshelf":79,"minecraft:lantern":22,"minecraft:grass_block":65,"minecraft:dark_oak_slab":2309,"minecraft:red_terracotta":749,"minecraft:polished_blackstone_brick_stairs":15,"customnpcs:npccarpentybench":1,"minecraft:stone_bricks":117,"minecraft:stone_brick_stairs":20,"minecraft:barrel":29,"farmersdelight:acacia_pantry":2,"minecraft:soul_lantern":13,"minecraft:glowstone":245,"minecraft:cobblestone":3,"minecraft:black_stained_glass":53,"minecraft:oak_sapling":3,"farmersdelight:safety_net":8,"farmersdelight:cooking_pot":1,"farmersdelight:shepherds_pie_block":1,"farmersdelight:spruce_pantry":28,"customnpcs:npcmobcloner":1,"minecraft:bone_meal":36,"minecraft:polished_blackstone_stairs":12,"farmersdelight:birch_pantry":4,"minecraft:gray_stained_glass":36},"minecraft:picked_up":{"slashblade:proudsoul_ingot":3,"minecraft:water_bucket":1,"minecraft:dirt":10,"minecraft:wheat_seeds":33,"minecraft:poppy":9,"minecraft:oak_door":21,"minecraft:dandelion":8,"slashblade:proudsoul_crystal":1,"fishyhard_fhcore:bonsai":2},"minecraft:mined":{"minecraft:grass_block":2,"minecraft:dirt":8},"minecraft:dropped":{"minecraft:water_bucket":1,"fishyhard_fhcore:bonsai":1,"slashblade:proudsoul_ingot":1,"naruto_shippuden:shogi_board":1},"minecraft:custom":{"minecraft:open_barrel":2,"minecraft:play_one_minute":425367,"minecraft:leave_game":10,"minecraft:time_since_death":425367,"minecraft:time_since_rest":425367,"minecraft:sprint_one_cm":271850,"minecraft:open_enderchest":1,"minecraft:damage_taken":75,"minecraft:walk_one_cm":732437,"minecraft:drop":4,"minecraft:fly_one_cm":3813125,"minecraft:open_chest":2,"minecraft:crouch_one_cm":22489,"minecraft:sneak_time":14033,"minecraft:walk_under_water_one_cm":3375,"minecraft:jump":1929,"minecraft:walk_on_water_one_cm":7270}},"DataVersion":2586}