{"stats":{"minecraft:used":{"minecraft:birch_fence":13,"minecraft:glass":99,"minecraft:dark_oak_planks":340,"minecraft:spruce_leaves":383,"minecraft:dark_oak_stairs":87,"minecraft:glowstone":97,"minecraft:oak_slab":28,"minecraft:birch_slab":245,"minecraft:birch_planks":121,"minecraft:grass_block":224,"minecraft:dark_oak_fence":28,"minecraft:oak_planks":146,"minecraft:andesite":20,"minecraft:dark_oak_slab":412,"minecraft:ender_chest":1,"minecraft:stone":3,"minecraft:birch_stairs":348},"minecraft:picked_up":{"naruto_shippuden:shogi":2,"minecraft:apple":1},"minecraft:custom":{"minecraft:time_since_rest":217758,"minecraft:crouch_one_cm":4460,"minecraft:play_one_minute":217758,"minecraft:sprint_one_cm":62431,"minecraft:open_enderchest":1,"minecraft:walk_one_cm":271010,"minecraft:sneak_time":3117,"minecraft:walk_under_water_one_cm":23359,"minecraft:jump":440,"minecraft:leave_game":5,"minecraft:walk_on_water_one_cm":26273,"minecraft:time_since_death":217758,"minecraft:swim_one_cm":5546,"minecraft:fly_one_cm":1119390}},"DataVersion":2586}