{"stats":{"minecraft:used":{"minecraft:birch_fence":13,"minecraft:glass":99,"minecraft:dark_oak_planks":340,"minecraft:spruce_leaves":383,"minecraft:dark_oak_stairs":87,"minecraft:glowstone":97,"minecraft:dirt":1,"minecraft:oak_slab":28,"minecraft:birch_slab":286,"minecraft:birch_planks":130,"minecraft:grass_block":235,"minecraft:dark_oak_fence":28,"minecraft:oak_planks":146,"minecraft:andesite":25,"minecraft:dark_oak_slab":470,"minecraft:ender_chest":1,"minecraft:stone":19,"minecraft:birch_stairs":365},"minecraft:picked_up":{"minecraft:stick":1,"naruto_shippuden:shogi":2,"minecraft:apple":1,"minecraft:spruce_sapling":4},"minecraft:custom":{"minecraft:time_since_rest":229758,"minecraft:crouch_one_cm":6176,"minecraft:play_one_minute":229758,"minecraft:sprint_one_cm":66512,"minecraft:open_enderchest":1,"minecraft:walk_one_cm":290323,"minecraft:sneak_time":3699,"minecraft:walk_under_water_one_cm":23899,"minecraft:jump":474,"minecraft:leave_game":5,"minecraft:walk_on_water_one_cm":30703,"minecraft:time_since_death":229758,"minecraft:swim_one_cm":5546,"minecraft:fly_one_cm":1190527}},"DataVersion":2586}