{"stats":{"minecraft:custom":{"minecraft:time_since_rest":198458,"minecraft:play_one_minute":198458,"minecraft:crouch_one_cm":3968,"minecraft:sprint_one_cm":60024,"minecraft:open_enderchest":1,"minecraft:walk_one_cm":267794,"minecraft:sneak_time":2858,"minecraft:walk_under_water_one_cm":21012,"minecraft:jump":418,"minecraft:leave_game":4,"minecraft:time_since_death":198458,"minecraft:walk_on_water_one_cm":19669,"minecraft:swim_one_cm":937,"minecraft:fly_one_cm":1018878},"minecraft:used":{"minecraft:birch_fence":13,"minecraft:dark_oak_stairs":87,"minecraft:glass":99,"minecraft:spruce_leaves":383,"minecraft:dark_oak_planks":340,"minecraft:glowstone":97,"minecraft:oak_slab":28,"minecraft:birch_slab":245,"minecraft:birch_planks":121,"minecraft:grass_block":199,"minecraft:dark_oak_fence":28,"minecraft:oak_planks":146,"minecraft:andesite":20,"minecraft:dark_oak_slab":391,"minecraft:ender_chest":1,"minecraft:stone":1,"minecraft:birch_stairs":348},"minecraft:picked_up":{"naruto_shippuden:shogi":2,"minecraft:apple":1}},"DataVersion":2586}