{"stats":{"minecraft:custom":{"minecraft:time_since_rest":84458,"minecraft:play_one_minute":84458,"minecraft:crouch_one_cm":907,"minecraft:sprint_one_cm":12979,"minecraft:open_enderchest":1,"minecraft:walk_one_cm":98667,"minecraft:sneak_time":879,"minecraft:walk_under_water_one_cm":14064,"minecraft:jump":214,"minecraft:leave_game":4,"minecraft:time_since_death":84458,"minecraft:walk_on_water_one_cm":376,"minecraft:fly_one_cm":235910},"minecraft:used":{"minecraft:birch_fence":13,"minecraft:glass":14,"minecraft:dark_oak_planks":111,"minecraft:glowstone":2,"minecraft:birch_planks":37,"minecraft:grass_block":183,"minecraft:dark_oak_fence":27,"minecraft:oak_planks":146,"minecraft:andesite":20,"minecraft:dark_oak_slab":12,"minecraft:ender_chest":1,"minecraft:stone":1,"minecraft:birch_stairs":123},"minecraft:picked_up":{"naruto_shippuden:shogi":2,"minecraft:apple":1}},"DataVersion":2586}