{"stats":{"minecraft:killed_by":{"minecraft:player":2},"minecraft:killed":{"minecraft:wandering_trader":1,"minecraft:trader_llama":2},"minecraft:picked_up":{"minecraft:cooked_beef":2,"naruto_shippuden:shogi":2,"naruto_shippuden:level_plus_1":15376,"minecraft:leather":1,"minecraft:lead":4,"naruto_shippuden:rinnegan_release_3":1,"minecraft:item_frame":20,"minecraft:apple":1,"naruto_shippuden:rinnegan_release":1,"minecraft:wheat_seeds":1,"minecraft:stick":1,"naruto_shippuden:gold_ryo":48,"minecraft:cooked_porkchop":2,"minecraft:spruce_sapling":4,"naruto_shippuden:tayaki":1,"minecraft:bread":2,"customnpcs:npcwand":1,"minecraft:chorus_fruit":10},"minecraft:custom":{"minecraft:mob_kills":3,"minecraft:play_one_minute":1793745,"minecraft:leave_game":19,"minecraft:time_since_death":1136007,"minecraft:climb_one_cm":52,"minecraft:time_since_rest":1136038,"minecraft:sprint_one_cm":428460,"minecraft:open_enderchest":1,"minecraft:damage_taken":564,"minecraft:walk_one_cm":1131470,"minecraft:drop":3,"minecraft:damage_dealt":1280,"minecraft:swim_one_cm":12213,"minecraft:fly_one_cm":7593934,"minecraft:open_chest":63,"minecraft:crouch_one_cm":26795,"minecraft:deaths":2,"minecraft:sneak_time":12431,"minecraft:walk_under_water_one_cm":102251,"minecraft:jump":2934,"minecraft:walk_on_water_one_cm":77374,"minecraft:fall_one_cm":209},"minecraft:used":{"minecraft:crimson_stem":22,"minecraft:dark_oak_stairs":87,"minecraft:water_bucket":8,"minecraft:netherite_sword":11,"minecraft:jack_o_lantern":6,"cfm:dark_oak_kitchen_counter":38,"minecraft:iron_bars":5,"minecraft:cobblestone_stairs":65,"minecraft:crimson_fence":2,"minecraft:birch_planks":322,"minecraft:red_stained_glass":65,"cfm:stripped_oak_desk":26,"minecraft:oak_planks":146,"minecraft:blue_wool":100,"cfm:jungle_crate":15,"minecraft:white_concrete_powder":4,"minecraft:chest":18,"minecraft:spruce_planks":39,"minecraft:ender_chest":6,"minecraft:stone":734,"cfm:stripped_spruce_table":18,"minecraft:grass":56,"customnpcs:npcwand":59,"minecraft:smooth_quartz_stairs":3,"minecraft:spruce_leaves":383,"minecraft:dirt":109,"minecraft:stripped_dark_oak_log":145,"minecraft:oak_slab":28,"minecraft:painting":1,"minecraft:birch_fence":13,"minecraft:glass":221,"minecraft:oak_log":1,"minecraft:black_terracotta":207,"minecraft:dark_oak_planks":1108,"cfm:black_sofa":35,"minecraft:quartz_pillar":438,"minecraft:dark_oak_log":30,"minecraft:birch_slab":460,"minecraft:lantern":81,"minecraft:grass_block":330,"cfm:stripped_dark_oak_table":12,"minecraft:crimson_slab":17,"minecraft:dark_oak_slab":889,"minecraft:smooth_quartz":1,"minecraft:spruce_sapling":1,"minecraft:gravel":302,"cfm:stripped_dark_oak_chair":27,"minecraft:stone_bricks":299,"minecraft:yellow_wool":65,"minecraft:glowstone":218,"cfm:birch_park_bench":49,"minecraft:black_stained_glass":292,"minecraft:stripped_crimson_hyphae":10,"minecraft:infested_cracked_stone_bricks":40,"minecraft:oak_sapling":3,"minecraft:dark_oak_fence":290,"cfm:dark_oak_coffee_table":2,"minecraft:andesite":25,"minecraft:glass_pane":2,"minecraft:white_concrete":333,"customnpcs:npcmobcloner":24,"minecraft:bone_meal":144,"minecraft:birch_stairs":386,"minecraft:gray_stained_glass":8},"minecraft:dropped":{"naruto_shippuden:tayaki":1,"naruto_shippuden:gold_ryo":28,"customnpcs:npcwand":1}},"DataVersion":2586}