{
    "CompleterNpc": "M18",
    "NextQuestId": -1,
    "RandomReward": 0b,
    "QuestRepeat": 3,
    "QuestCompletion": 0,
    "Title": "M18",
    "Text": "Derrota a Sasuke marca maldita

Cords: x:2464 y:76 z:-441 ",
    "QuestFactionPoints": {
        "DecreaseFaction1Points": 0b,
        "OptionFaction2Points": 100,
        "OptionFactions1": -1,
        "OptionFactions2": -1,
        "OptionFaction1Points": 100,
        "DecreaseFaction2Points": 0b
    },
    "RewardExp": 0,
    "QuestCommand": "",
    "QuestDialogs": [
        {
            "Value": 1,
            "Slot": "Sasuke (Nfn)"
        }
    ],
    "ModRev": 18,
    "Type": 2,
    "QuestMail": {
        "Sender": "",
        "BeenRead": 0b,
        "Message": {
        },
        "MailItems": [
        ],
        "MailQuest": -1,
        "TimePast": 1726632714884L,
        "Time": 0L,
        "Subject": ""
    },
    "Rewards": {
        "NpcMiscInv": [
            {
                "Slot": 0b,
                "id": "naruto_shippuden:gold_ryo",
                "Count": 24b
            },
            {
                "Slot": 3b,
                "id": "naruto_shippuden:level_250",
                "Count": 2b
            },
            {
                "Slot": 4b,
                "ForgeCaps": {
                    "customnpcs:itemscripteddata": {
                    }
                },
                "id": "naruto_shippuden:level_250",
                "Count": 1b
            }
        ]
    },
    "CompleteText": "No pudiste traer a sasuke a la aldea....

NO TE DEPRIMAS LE PROMETIMOS A SAKURA QUE VOLVERIA Y LO VAMOS A HACER"
}
