{
    "CompleterNpc": "M13",
    "NextQuestId": -1,
    "RandomReward": 0b,
    "QuestRepeat": 3,
    "QuestCompletion": 0,
    "Title": "M13",
    "Text": "Derrota a Tsunade 

Cords: x:788 y:76 z:-1358",
    "QuestFactionPoints": {
        "DecreaseFaction1Points": 0b,
        "OptionFaction2Points": 100,
        "OptionFactions1": -1,
        "OptionFactions2": -1,
        "OptionFaction1Points": 100,
        "DecreaseFaction2Points": 0b
    },
    "RewardExp": 0,
    "QuestCommand": "",
    "QuestDialogs": [
        {
            "Value": 1,
            "Slot": "Tsunade (2)"
        }
    ],
    "ModRev": 18,
    "Type": 2,
    "QuestMail": {
        "Sender": "",
        "BeenRead": 0b,
        "Message": {
        },
        "MailItems": [
        ],
        "MailQuest": -1,
        "TimePast": 1726631059581L,
        "Time": 0L,
        "Subject": ""
    },
    "Rewards": {
        "NpcMiscInv": [
            {
                "Slot": 5b,
                "id": "naruto_shippuden:level_50",
                "Count": 2b
            },
            {
                "Slot": 7b,
                "id": "naruto_shippuden:gold_ryo",
                "Count": 5b
            },
            {
                "Slot": 8b,
                "ForgeCaps": {
                    "customnpcs:itemscripteddata": {
                    }
                },
                "id": "naruto_shippuden:level_250",
                "Count": 1b
            }
        ]
    },
    "CompleteText": ""
}
