{
    "CompleterNpc": "M10",
    "NextQuestId": -1,
    "RandomReward": 0b,
    "QuestRepeat": 3,
    "QuestCompletion": 0,
    "Title": "M10",
    "Text": "Defiende a Sasuke de Itachi y Kisame 

Cords: x:1112 y:102 z:-917",
    "QuestFactionPoints": {
        "DecreaseFaction1Points": 0b,
        "OptionFaction2Points": 100,
        "OptionFactions1": -1,
        "OptionFactions2": -1,
        "OptionFaction1Points": 100,
        "DecreaseFaction2Points": 0b
    },
    "RewardExp": 0,
    "QuestCommand": "",
    "QuestDialogs": [
        {
            "Value": 1,
            "Slot": "Itachi (1)"
        },
        {
            "Value": 1,
            "Slot": "Kisame (1)"
        }
    ],
    "ModRev": 18,
    "Type": 2,
    "QuestMail": {
        "Sender": "",
        "BeenRead": 0b,
        "Message": {
        },
        "MailItems": [
        ],
        "MailQuest": -1,
        "TimePast": 1726630398678L,
        "Time": 0L,
        "Subject": ""
    },
    "Rewards": {
        "NpcMiscInv": [
            {
                "Slot": 4b,
                "id": "naruto_shippuden:level_250",
                "Count": 1b
            },
            {
                "Slot": 7b,
                "id": "naruto_shippuden:level_250",
                "Count": 1b
            }
        ]
    },
    "CompleteText": ""
}
