{
    "CompleterNpc": "M19",
    "NextQuestId": -1,
    "RandomReward": 0b,
    "QuestRepeat": 3,
    "QuestCompletion": 0,
    "Title": "Mision 19",
    "Text": "Cords: 16956 63 15123",
    "QuestFactionPoints": {
        "DecreaseFaction1Points": 0b,
        "OptionFaction2Points": 100,
        "OptionFactions1": -1,
        "OptionFactions2": -1,
        "OptionFaction1Points": 100,
        "DecreaseFaction2Points": 0b
    },
    "RewardExp": 0,
    "QuestCommand": "",
    "QuestDialogs": [
        {
            "Value": 1,
            "Slot": "Sasuke (Final)"
        }
    ],
    "ModRev": 18,
    "Type": 2,
    "QuestMail": {
        "Sender": "",
        "BeenRead": 0b,
        "Message": {
        },
        "MailItems": [
        ],
        "MailQuest": -1,
        "TimePast": 1719349814430L,
        "Time": 0L,
        "Subject": ""
    },
    "Rewards": {
        "NpcMiscInv": [
            {
                "Slot": 5b,
                "ForgeCaps": {
                    "customnpcs:itemscripteddata": {
                    }
                },
                "id": "naruto_shippuden:gingerbread",
                "Count": 1b
            },
            {
                "Slot": 6b,
                "ForgeCaps": {
                    "customnpcs:itemscripteddata": {
                    }
                },
                "id": "naruto_shippuden:level_plus_150",
                "Count": 1b
            },
            {
                "Slot": 7b,
                "ForgeCaps": {
                    "customnpcs:itemscripteddata": {
                    }
                },
                "id": "naruto_shippuden:level_500",
                "Count": 1b
            },
            {
                "Slot": 8b,
                "ForgeCaps": {
                    "customnpcs:itemscripteddata": {
                    }
                },
                "id": "naruto_shippuden:christmas_ichiraku_ramen",
                "Count": 1b
            }
        ]
    },
    "CompleteText": "Sasuke logro escapar pero lo traeremos de nuevo a la aldea...."
}
